CustomerID,구매건수,평균구매간격,구매발생일수,Recency,총구매수량,구입상품_평균가격,총지출액,최대지출_카테고리,구매제품_종류
USER_0000,1,,1,108,3,12.745,30.99,Apparel,2
USER_0001,31,111.5000,3,60,342,62.436,13834.9,Apparel,42
USER_0002,8,119.0000,2,74,209,14.631304,1442.12,Nest-USA,21
USER_0003,11,,1,18,21,77.2,1360.07,Nest-USA,11
USER_0004,13,,1,108,56,34.578611,1442.47,Nest-USA,33
USER_0005,3,,1,131,86,14.713125,601.81,Apparel,16
USER_0006,44,30.0000,2,190,613,43.579231,6914.31,Nest-USA,62
USER_0007,5,,1,25,22,30.021429,471.58,Nest-USA,13
USER_0008,37,139.0000,2,41,421,65.722208,9950.31,Nest-USA,55
USER_0009,39,24.0000,4,100,185,44.617246,4954.12,Nest-USA,50
USER_0010,6,123.0000,2,157,15,47.793,581.89,Nest-USA,10
USER_0011,10,,1,115,25,29.475263,702.22,Nest-USA,18
USER_0012,13,14.0000,2,123,119,56.145909,2233.43,Nest-USA,17
USER_0013,14,80.5000,3,165,61,39.595938,1383.64,Nest-USA,30
USER_0014,6,,1,95,17,47.255455,677.16,Nest-USA,11
USER_0015,14,,1,11,67,65.559231,2297.3,Nest-USA,23
USER_0016,10,22.0000,2,132,259,50.115769,2916.34,Nest-USA,21
USER_0017,6,1.0000,2,18,7,85.908571,601.36,Nest-USA,6
USER_0018,24,9.0000,3,141,169,33.134043,2772.53,Nest-USA,38
USER_0019,15,57.0000,3,75,157,38.236,1661.75,Nest-USA,28
USER_0020,6,,1,77,17,120.325455,2012.17,Nest-USA,10
USER_0021,9,1.0000,2,103,101,45.101538,1024.12,Nest-USA,11
USER_0022,8,,1,173,17,36.058125,725.93,Nest-USA,15
USER_0023,3,163.0000,2,171,170,25.593846,1326.77,Nest-USA,13
USER_0024,10,,1,263,133,56.36,2239.74,Nest-USA,17
USER_0025,32,80.7500,5,41,57,90.893182,5600.17,Nest-USA,24
USER_0026,55,45.5000,3,266,1494,41.015102,13829.98,Nest-USA,97
USER_0027,1,,1,223,15,2.13,31.52,Lifestyle,3
USER_0028,14,56.0000,3,18,26,76.300556,2466.96,Nest,15
USER_0029,11,1.0000,2,278,16,106.016364,1731.18,Nest-USA,7
USER_0030,57,,1,104,799,49.428515,9722.05,Nest-USA,61
USER_0031,6,,1,14,10,144.843333,1250.89,Nest-USA,5
USER_0032,7,,1,52,26,72.221667,1379.78,Nest-USA,10
USER_0033,70,33.2000,11,16,279,64.093359,13907.84,Nest-USA,73
USER_0034,67,146.0000,3,63,508,57.482778,11417.33,Nest-USA,79
USER_0035,27,48.0000,6,61,225,104.337222,6791.94,Nest-USA,20
USER_0036,13,194.0000,2,34,302,71.091111,3155.61,Nest,21
USER_0037,2,,1,27,2,126.395,252.79,Nest-USA,2
USER_0038,14,,1,148,51,24.404048,1290.43,Nest-USA,39
USER_0039,13,37.6667,4,152,757,37.288696,10068.55,Headgear,39
USER_0040,6,,1,167,27,35.360714,993.38,Nest-USA,14
USER_0041,35,,1,150,434,27.44051,5335.14,Nest-USA,75
USER_0042,6,,1,151,48,31.928,781.67,Nest-USA,14
USER_0043,22,,1,124,61,41.243953,2717.19,Nest-USA,36
USER_0044,5,33.0000,4,165,9,41.131429,414.91,Nest-USA,7
USER_0045,3,,1,141,5,13.152,65.76,Apparel,5
USER_0046,71,55.0000,3,42,606,38.095688,10021.23,Nest-USA,98
USER_0047,21,,1,16,117,115.213548,5118.81,Nest-USA,18
USER_0048,1,,1,158,1,10.63,10.63,Headgear,1
USER_0049,12,,1,105,216,34.158276,1393.55,Nest-USA,24
USER_0050,4,,1,172,95,19.464375,1271.14,Apparel,16
USER_0051,3,,1,132,28,21.065714,497.77,Notebooks & Journals,7
USER_0052,5,1.0000,2,140,23,21.23625,547.75,Nest-USA,16
USER_0053,6,,1,108,424,9.157,1636.97,Lifestyle,10
USER_0054,22,,1,35,96,98.852581,4510.39,Nest-USA,16
USER_0055,8,,1,152,86,34.037692,1233.68,Nest-USA,12
USER_0056,100,29.3333,4,54,486,73.559947,19024.0,Nest-USA,92
USER_0057,32,70.6667,4,22,310,36.427031,4120.18,Nest-USA,53
USER_0058,9,,1,189,17,94.088,1680.26,Nest-USA,7
USER_0059,14,27.0000,3,70,91,26.394103,1478.7,Nest,36
USER_0060,4,98.0000,3,137,10,30.28,277.62,Apparel,8
USER_0061,11,60.0000,2,21,136,84.075455,2786.23,Nest-USA,15
USER_0062,71,155.0000,3,11,519,55.014178,12235.27,Nest-USA,86
USER_0063,5,,1,46,190,44.937273,1599.95,Nest,11
USER_0064,33,,1,203,976,44.871343,5932.2,Nest-USA,54
USER_0065,40,36.0000,4,57,116,45.528289,5677.5,Nest-USA,47
USER_0066,15,213.0000,2,152,155,31.423571,2361.48,Nest-USA,40
USER_0067,26,10.0000,2,161,212,32.892568,3809.52,Nest-USA,57
USER_0068,1,,1,303,1,18.99,18.99,Apparel,1
USER_0069,21,,1,60,158,106.55,4440.63,Nest,19
USER_0070,5,,1,93,131,21.850833,849.08,Office,12
USER_0071,8,105.0000,4,16,16,52.191333,783.38,Nest-USA,13
USER_0072,4,,1,137,18,63.592222,1144.66,Nest,9
USER_0073,2,,1,257,3,94.396667,283.19,Nest-USA,3
USER_0074,4,,1,66,19,20.028125,339.35,Nest,14
USER_0075,20,38.0000,3,188,117,39.156061,2434.21,Nest-USA,29
USER_0076,24,31.5000,3,16,186,67.678448,5886.88,Nest-USA,39
USER_0077,34,22.0000,5,28,582,44.043881,5100.25,Nest-USA,54
USER_0078,26,40.0000,2,57,125,38.243867,4378.81,Nest-USA,54
USER_0079,1,,1,136,2,30.395,60.79,Apparel,2
USER_0080,8,,1,52,77,65.3125,2440.42,Nest-USA,13
USER_0081,28,40.3333,4,189,216,51.600377,3882.93,Nest-USA,37
USER_0082,1,,1,258,2,7.19,14.38,Bags,2
USER_0083,7,,1,145,255,37.144444,2435.47,Office,8
USER_0084,26,21.0000,3,88,169,39.392941,2731.26,Nest-USA,45
USER_0085,16,344.0000,2,13,148,44.369412,2969.7,Nest-USA,31
USER_0086,5,,1,91,5,153.198,765.99,Nest,4
USER_0087,2,28.0000,2,104,17,5.1,82.8,Apparel,4
USER_0088,2,,1,206,4,18.99,75.96,Waze,2
USER_0089,38,153.0000,2,32,214,67.067432,6682.52,Nest-USA,50
USER_0090,3,,1,124,10,25.515,255.15,Nest-USA,10
USER_0091,11,,1,114,35,65.944783,1769.83,Nest-USA,18
USER_0092,10,,1,22,13,101.0875,1364.93,Nest-USA,9
USER_0093,3,,1,173,6,38.436,202.98,Nest-USA,5
USER_0094,88,43.0000,7,29,504,42.263767,15419.82,Nest-USA,149
USER_0095,68,61.8000,6,21,230,65.769921,12186.51,Nest-USA,75
USER_0096,38,42.7500,5,93,744,47.904026,9876.2,Apparel,59
USER_0097,6,,1,335,9,101.862857,958.58,Nest-USA,5
USER_0098,8,40.3333,4,66,19,48.308,1320.62,Nest-USA,15
USER_0099,4,,1,79,17,105.885556,1708.95,Nest,8
USER_0100,13,,1,187,36,43.953333,1644.38,Nest-USA,27
USER_0101,21,89.5000,3,124,170,54.908485,2806.98,Nest-USA,23
USER_0102,16,75.3333,4,54,200,69.470909,3030.23,Nest-USA,30
USER_0103,27,53.0000,7,11,65,57.192766,3743.1,Nest-USA,38
USER_0104,26,135.5000,3,35,225,74.860462,6810.07,Nest-USA,45
USER_0105,10,85.0000,2,179,144,48.555,1944.75,Nest-USA,15
USER_0106,7,,1,133,13,37.123636,529.04,Nest-USA,10
USER_0107,14,1.0000,2,326,795,48.58625,4812.79,Office,19
USER_0108,16,143.0000,2,45,42,49.8944,1912.64,Nest-USA,21
USER_0109,8,,1,82,15,75.4375,917.73,Gift Cards,11
USER_0110,7,,1,135,87,33.973077,545.52,Nest-USA,11
USER_0111,38,217.0000,2,35,1121,99.145484,12269.8,Nest,32
USER_0112,2,,1,172,5,15.24,79.95,Apparel,4
USER_0113,18,114.0000,2,42,65,50.114651,2890.57,Nest-USA,36
USER_0114,1,,1,138,25,6.345,141.85,Drinkware,4
USER_0115,8,,1,336,17,109.73,1778.57,Nest-USA,6
USER_0116,34,1.0000,2,69,366,81.863929,9363.55,Nest-USA,24
USER_0117,10,105.5000,3,95,211,45.842,1729.89,Nest-USA,20
USER_0118,328,7.5758,34,108,4869,45.015295,74601.36,Nest-USA,308
USER_0119,20,88.0000,2,153,136,25.999808,1979.47,Nest-USA,43
USER_0120,17,,1,11,66,82.325405,3721.9,Nest-USA,27
USER_0121,1,,1,264,2,24.99,49.98,Apparel,1
USER_0122,8,1.0000,2,305,39,58.219375,1080.69,Nest-USA,13
USER_0123,28,,1,56,217,93.798667,5447.88,Nest-USA,28
USER_0124,28,64.0000,3,143,158,31.536591,4114.4,Nest-USA,74
USER_0125,7,10.0000,2,14,29,87.887692,1401.16,Nest,10
USER_0126,3,,1,31,10,58.482222,529.59,Nest-USA,9
USER_0127,15,161.5000,3,8,98,39.680952,2355.47,Nest-USA,37
USER_0128,32,41.3333,4,65,172,51.23125,4045.21,Nest-USA,44
USER_0129,8,,1,246,17,39.416429,700.21,Nest-USA,14
USER_0130,2,,1,363,2,70.15,140.3,Nest-USA,2
USER_0131,11,182.0000,2,145,61,51.803333,2315.97,Nest-USA,20
USER_0132,7,51.0000,2,213,18,16.255294,355.34,Nest-USA,17
USER_0133,5,,1,303,105,46.708571,557.99,Nest-USA,6
USER_0134,5,,1,112,107,25.904545,633.02,Nest-USA,11
USER_0135,31,101.5000,3,54,313,90.056531,7699.88,Nest,28
USER_0136,6,62.0000,3,90,18,60.808333,1023.26,Nest-USA,12
USER_0137,19,1.0000,2,26,227,52.368718,2884.55,Nest,28
USER_0138,28,,1,361,483,39.615085,4323.49,Nest-USA,43
USER_0139,23,48.0000,3,186,107,55.425676,3602.29,Nest-USA,29
USER_0140,49,74.7500,5,35,376,68.515636,11711.93,Nest,76
USER_0141,9,,1,9,18,164.327857,2785.79,Nest-USA,9
USER_0142,12,16.0000,2,29,43,41.505652,2015.76,Nest-USA,19
USER_0143,23,3.0000,2,69,46,88.693056,4590.74,Nest-USA,22
USER_0144,3,,1,349,7,133.083333,890.33,Nest-USA,2
USER_0145,1,,1,210,2,119.0,238.0,Nest-USA,1
USER_0146,24,1.0000,2,213,307,37.318966,3433.81,Nest-USA,47
USER_0147,19,153.5000,3,50,101,58.263913,5419.64,Nest-USA,37
USER_0148,1,,1,270,2,17.075,34.15,Apparel,2
USER_0149,31,142.0000,2,116,290,35.850758,3794.47,Nest-USA,55
USER_0150,1,,1,240,1,1.2,1.2,Office,1
USER_0151,11,77.0000,2,123,19,65.711176,1355.09,Nest-USA,12
USER_0152,1,,1,33,2,114.0,228.0,Nest-USA,2
USER_0153,2,,1,289,4,17.19,68.76,Apparel,4
USER_0154,7,,1,344,37,59.577692,1123.9,Nest-USA,10
USER_0155,19,1.0000,2,87,178,63.95775,3916.58,Nest-USA,29
USER_0156,30,94.5000,3,165,394,55.833729,5963.99,Nest-USA,39
USER_0157,1,,1,118,3,6.835,15.35,Notebooks & Journals,2
USER_0158,8,,1,204,21,17.302353,297.3,Apparel,16
USER_0159,5,,1,26,13,70.61,878.39,Nest-USA,6
USER_0160,2,4.0000,2,186,2,9.69,19.38,Apparel,2
USER_0161,2,,1,77,49,20.485556,836.6,Apparel,27
USER_0162,2,,1,146,18,11.578333,192.24,Apparel,6
USER_0163,7,,1,265,36,32.59125,708.45,Nest-USA,15
USER_0164,7,1.0000,2,179,42,44.847143,1017.77,Nest-USA,12
USER_0165,25,71.5000,5,66,54,84.015,4915.03,Nest-USA,20
USER_0166,6,47.0000,2,81,28,34.8505,883.55,Nest-USA,20
USER_0167,14,,1,1,35,105.751579,3002.01,Nest-USA,12
USER_0168,13,15.0000,2,153,70,21.251613,891.63,Nest-USA,30
USER_0169,6,1.0000,2,265,49,13.145625,592.91,Drinkware,16
USER_0170,10,71.5000,3,192,23,55.397368,1452.08,Nest-USA,15
USER_0171,2,,1,89,52,35.01125,510.4,Apparel,8
USER_0172,31,23.1429,15,13,150,48.528298,3963.39,Nest-USA,38
USER_0173,4,35.0000,3,131,144,9.711667,1163.22,Notebooks & Journals,6
USER_0174,2,129.0000,2,118,2,78.3,156.6,Nest-USA,2
USER_0175,2,,1,18,4,168.866667,556.55,Nest,3
USER_0176,7,18.0000,2,41,89,25.173333,794.51,Nest-USA,15
USER_0177,8,,1,252,12,66.121818,846.34,Nest-USA,9
USER_0178,23,46.0000,2,66,137,54.336667,2565.35,Nest-USA,29
USER_0179,5,,1,66,9,77.841429,842.89,Nest-USA,5
USER_0180,37,69.5000,3,52,234,58.909167,5588.5,Nest-USA,45
USER_0181,8,129.0000,2,95,42,79.116,2103.55,Nest-USA,15
USER_0182,3,,1,336,17,8.586667,213.36,Drinkware,3
USER_0183,28,,1,332,158,42.51,4567.33,Nest-USA,49
USER_0184,6,56.0000,2,202,82,64.65375,1774.49,Apparel,8
USER_0185,4,,1,178,16,21.428333,167.75,Nest-USA,6
USER_0186,1,,1,173,1,9.99,9.99,Headgear,1
USER_0187,16,,1,292,226,23.882,2046.06,Nest-USA,53
USER_0188,5,,1,188,12,44.363636,607.0,Nest-USA,11
USER_0189,4,,1,307,39,10.418182,170.83,Apparel,10
USER_0190,26,175.5000,3,14,175,52.734773,3048.79,Nest-USA,33
USER_0191,17,,1,117,556,26.0565,3056.33,Office,32
USER_0192,3,,1,66,15,28.11,221.17,Nest-USA,7
USER_0193,60,34.3750,9,5,298,67.405922,10409.81,Nest-USA,63
USER_0194,1,,1,117,11,18.661111,179.95,Apparel,9
USER_0195,7,1.0000,2,350,27,69.687857,1435.23,Nest-USA,12
USER_0196,1,,1,82,1,1.0,1.0,Office,1
USER_0197,68,79.7500,5,4,266,46.642971,8509.75,Nest-USA,97
USER_0198,4,,1,269,148,18.512857,1519.96,Apparel,13
USER_0199,24,32.5714,8,52,409,33.698333,4112.0,Nest-USA,45
USER_0200,117,40.6000,6,123,1137,40.920192,19576.4,Nest-USA,147
USER_0201,6,,1,161,9,112.855714,1027.99,Nest-USA,4
USER_0202,176,16.0000,20,21,927,52.116448,27199.61,Nest-USA,178
USER_0203,9,64.2500,5,93,34,56.785385,1329.28,Nest-USA,13
USER_0204,4,,1,208,8,39.562857,280.93,Nest-USA,7
USER_0205,65,55.6667,7,20,612,52.90028,11879.72,Nest-USA,101
USER_0206,4,74.5000,3,154,26,45.394,364.56,Nest-USA,5
USER_0207,18,55.0000,2,159,280,33.2525,2915.43,Nest-USA,45
USER_0208,14,2.0000,2,59,25,86.104286,2364.19,Nest,18
USER_0209,54,35.8571,8,8,169,54.304839,8497.24,Nest-USA,58
USER_0210,1,,1,179,1,119.0,119.0,Nest-USA,1
USER_0211,10,21.0000,2,119,149,42.483913,2554.54,Nest-USA,22
USER_0212,3,,1,348,253,5.135,460.98,Office,10
USER_0213,8,,1,22,52,37.416,959.95,Nest-USA,14
USER_0214,29,52.8000,6,8,2494,48.635323,20537.74,Office,43
USER_0215,2,116.0000,2,153,9,67.195,242.12,Apparel,2
USER_0216,12,133.5000,3,76,89,43.261471,2001.12,Nest-USA,29
USER_0217,30,1.0000,2,205,76,51.310656,4320.82,Nest-USA,46
USER_0218,18,70.5000,3,137,73,48.23,2224.09,Nest-USA,29
USER_0219,3,,1,257,3,72.993333,218.98,Nest-USA,3
USER_0220,33,,1,10,78,115.745417,7423.92,Nest-USA,24
USER_0221,7,1.0000,2,340,21,71.562857,1468.99,Nest-USA,10
USER_0222,4,,1,269,36,20.255625,413.53,Apparel,16
USER_0223,16,10.0000,3,22,112,77.496875,3194.9,Nest-USA,27
USER_0224,1,,1,137,3,10.663333,31.99,Drinkware,3
USER_0225,1,,1,336,1,16.5,16.5,Bags,1
USER_0226,78,52.5000,5,37,186,101.508769,17809.85,Nest-USA,47
USER_0227,38,91.5000,3,115,164,57.483175,5652.58,Nest-USA,41
USER_0228,16,,1,75,67,69.095789,3252.19,Bags,16
USER_0229,2,,1,38,9,55.9675,465.33,Nest,8
USER_0230,25,15.0000,2,132,111,48.2035,3367.76,Nest-USA,29
USER_0231,5,,1,171,17,37.956923,809.44,Nest-USA,13
USER_0232,36,,1,67,753,31.163553,4892.71,Nest-USA,54
USER_0233,15,,1,284,151,68.685652,3603.51,Nest-USA,12
USER_0234,124,85.3333,4,49,794,55.485868,21689.27,Nest-USA,136
USER_0235,14,,1,221,37,39.979375,1797.09,Nest-USA,29
USER_0236,11,,1,147,48,67.7635,1862.02,Nest-USA,16
USER_0237,10,,1,153,117,20.072973,1064.14,Apparel,34
USER_0238,39,82.5000,3,69,132,54.008571,5469.49,Nest-USA,59
USER_0239,14,51.8000,6,19,32,68.15625,1905.12,Nest-USA,13
USER_0240,13,,1,12,97,55.828462,2197.99,Nest-USA,22
USER_0241,10,61.5000,3,111,26,14.314762,343.87,Apparel,21
USER_0242,1,,1,225,2,21.87,43.74,Apparel,2
USER_0243,19,,1,208,136,46.681429,2318.21,Nest-USA,33
USER_0244,5,75.0000,2,159,52,10.940833,449.86,Apparel,11
USER_0245,42,121.5000,3,12,396,77.833647,9669.9,Nest,49
USER_0246,8,1.0000,2,148,21,61.74,1299.1,Nest-USA,14
USER_0247,4,,1,215,35,68.116,477.29,Nest-USA,5
USER_0248,15,,1,262,49,64.130952,1413.67,Nest-USA,15
USER_0249,18,16.0000,2,110,65,40.52775,2061.69,Nest-USA,38
USER_0250,5,,1,166,122,8.8825,427.61,Lifestyle,14
USER_0251,4,,1,361,12,113.236667,1281.9,Nest-USA,4
USER_0252,18,,1,105,175,33.922564,2531.7,Nest-USA,30
USER_0253,1,,1,203,3,15.39,46.17,Apparel,1
USER_0254,26,29.8000,6,131,1141,50.480217,16574.14,Notebooks & Journals,37
USER_0255,17,93.0000,2,228,224,53.416071,2902.24,Nest-USA,20
USER_0256,1,,1,269,1,79.0,79.0,Nest-USA,1
USER_0257,39,53.0000,3,47,220,60.668718,8257.6,Nest-USA,52
USER_0258,6,36.0000,2,93,18,53.823571,759.89,Nest-USA,12
USER_0259,5,126.0000,2,210,71,39.784545,744.84,Nest-USA,10
USER_0260,3,,1,170,29,18.164762,653.66,Nest-USA,20
USER_0261,3,,1,346,7,43.94,465.24,Nest-USA,5
USER_0262,22,,1,9,51,86.915588,4333.01,Nest-USA,21
USER_0263,12,15.0000,3,70,138,38.82069,2141.61,Nest-USA,25
USER_0264,3,,1,169,21,16.031176,409.9,Nest-USA,17
USER_0265,8,,1,202,47,48.648571,1181.77,Nest-USA,13
USER_0266,42,29.7500,5,168,277,43.714184,6227.05,Nest-USA,68
USER_0267,7,190.0000,2,35,103,67.616,2008.38,Nest-USA,8
USER_0268,8,,1,257,28,24.333333,731.94,Nest-USA,18
USER_0269,10,,1,49,41,91.444706,2353.71,Nest-USA,14
USER_0270,5,51.5000,3,177,10,50.931111,577.38,Nest-USA,9
USER_0271,7,,1,45,50,92.723077,1339.02,Nest,9
USER_0272,1,,1,157,35,3.99,139.65,Office,1
USER_0273,11,87.0000,2,177,25,61.954211,1603.7,Nest-USA,16
USER_0274,23,33.5000,3,268,129,45.984091,3074.76,Nest-USA,35
USER_0275,15,,1,124,199,33.000857,3194.06,Nest-USA,32
USER_0276,10,,1,16,20,66.708125,1204.31,Nest-USA,13
USER_0277,10,43.0000,2,35,26,91.18875,2366.15,Nest-USA,14
USER_0278,4,,1,167,10,27.99,521.92,Nest-USA,8
USER_0279,9,,1,336,57,52.322353,1338.56,Nest-USA,16
USER_0280,3,,1,66,8,33.56,281.95,Nest-USA,6
USER_0281,42,33.0000,11,33,1040,52.608718,7423.24,Nest-USA,56
USER_0282,24,70.5000,3,207,96,54.316531,3672.73,Nest-USA,36
USER_0283,12,56.0000,2,152,101,14.424688,804.3,Apparel,30
USER_0284,22,69.0000,3,225,240,44.347778,2298.16,Nest-USA,30
USER_0285,13,,1,143,53,29.117708,1564.21,Nest-Canada,43
USER_0286,19,152.0000,2,119,93,56.406667,3009.35,Nest-USA,25
USER_0287,29,26.0000,5,105,198,23.067126,3433.53,Nest-USA,64
USER_0288,38,55.6667,7,20,1153,49.772532,8915.0,Nest-USA,63
USER_0289,3,12.0000,2,126,83,15.689231,528.68,Apparel,13
USER_0290,1,,1,291,1,2.8,2.8,Lifestyle,1
USER_0291,3,,1,173,14,23.176364,262.91,Apparel,11
USER_0292,76,68.5000,5,12,719,48.826711,11318.88,Nest-USA,100
USER_0293,22,64.2000,6,20,144,61.174524,3988.18,Nest-USA,33
USER_0294,10,,1,26,24,47.564444,1110.97,Nest-USA,15
USER_0295,12,40.0000,3,210,40,44.471154,1894.55,Nest-USA,25
USER_0296,11,18.0000,2,194,142,29.435185,1431.18,Nest-USA,27
USER_0297,8,,1,301,24,66.775,907.82,Nest-USA,9
USER_0298,1,,1,97,13,23.4425,116.27,Apparel,4
USER_0299,21,144.5000,3,30,106,72.285172,3335.76,Nest-USA,20
USER_0300,20,233.0000,2,101,69,105.325161,3764.7,Nest,22
USER_0301,12,,1,270,36,45.110333,1565.67,Nest-USA,27
USER_0302,1,,1,115,6,6.312,41.95,Drinkware,5
USER_0303,4,,1,269,199,49.378,6470.26,Apparel,15
USER_0304,23,29.4000,6,48,246,35.525,3487.87,Nest-USA,38
USER_0305,1,,1,45,3,5.856667,17.57,Drinkware,3
USER_0306,8,,1,13,12,93.070909,1145.08,Nest-USA,8
USER_0307,3,,1,77,5,190.5475,1041.19,Nest,4
USER_0308,3,,1,45,40,28.28125,286.97,Nest,7
USER_0309,40,114.0000,2,174,205,53.491463,6967.63,Nest-USA,57
USER_0310,8,,1,143,15,64.067692,957.58,Nest-USA,11
USER_0311,10,,1,286,134,36.155417,1564.09,Nest-USA,21
USER_0312,15,110.6667,4,18,226,34.102059,1983.21,Nest-USA,30
USER_0313,5,,1,305,9,53.504444,481.54,Nest-USA,8
USER_0314,5,,1,13,15,69.624,898.59,Nest,9
USER_0315,16,1.0000,2,3,35,83.809167,2849.45,Nest-USA,21
USER_0316,12,1.0000,2,147,171,26.13,1788.43,Nest-USA,29
USER_0317,17,40.2500,5,119,32,40.284667,1476.54,Nest-USA,27
USER_0318,13,,1,30,23,110.782105,2783.72,Nest,15
USER_0319,3,,1,26,4,80.523333,362.87,Nest-USA,3
USER_0320,4,,1,212,133,28.4,1068.84,Nest-USA,15
USER_0321,6,,1,126,31,37.883333,562.34,Nest-USA,9
USER_0322,12,20.5000,3,35,232,49.8025,1871.68,Nest-USA,15
USER_0323,14,,1,190,62,49.067,1873.21,Nest-USA,17
USER_0324,5,142.0000,2,22,14,112.71,1083.51,Nest-USA,7
USER_0325,9,,1,117,208,14.107105,1073.05,Drinkware,27
USER_0326,6,1.0000,2,269,59,25.175333,486.07,Nest-USA,15
USER_0327,5,,1,303,20,19.878889,401.8,Apparel,18
USER_0328,9,,1,154,68,28.593226,1383.23,Apparel,29
USER_0329,32,1.0000,2,86,113,57.483226,4186.96,Nest-USA,45
USER_0330,31,112.5000,3,13,113,50.358689,4401.14,Nest-USA,46
USER_0331,3,5.0000,2,135,8,34.96,216.14,Nest-USA,6
USER_0332,44,7.5000,3,152,299,43.712088,5989.11,Nest-USA,66
USER_0333,1,,1,105,10,4.2925,36.35,Lifestyle,4
USER_0334,37,49.8571,8,12,152,39.339135,5465.3,Nest-USA,82
USER_0335,14,1.0000,2,117,110,32.133077,1283.58,Nest-USA,23
USER_0336,1,,1,70,2,119.0,238.0,Nest-USA,1
USER_0337,7,,1,363,16,65.876,1277.71,Nest-USA,9
USER_0338,23,,1,42,272,85.074688,4036.45,Nest-USA,17
USER_0339,19,,1,41,471,50.277742,2595.13,Nest-USA,22
USER_0340,48,49.0000,5,153,272,38.8212,6904.99,Nest-USA,72
USER_0341,30,1.0000,2,9,50,94.46439,4732.92,Nest-USA,22
USER_0342,5,,1,20,19,52.435556,963.4,Nest-USA,7
USER_0343,42,1.0000,2,82,500,54.062188,8242.94,Nest-USA,57
USER_0344,1,,1,363,1,153.71,153.71,Nest-USA,1
USER_0345,1,,1,365,1,1.24,1.24,Lifestyle,1
USER_0346,1,,1,152,1,2.79,2.79,Lifestyle,1
USER_0347,5,,1,59,89,50.34125,962.72,Nest-USA,8
USER_0348,8,42.5000,3,202,46,53.06375,1674.43,Nest-USA,14
USER_0349,18,107.5000,3,146,60,44.724242,2027.1,Nest-USA,27
USER_0350,29,1.0000,2,155,98,39.051739,3984.48,Nest-USA,52
USER_0351,37,28.1250,9,138,206,43.173288,5142.18,Nest-USA,50
USER_0352,21,65.6667,4,88,100,51.617188,3330.01,Nest-USA,27
USER_0353,47,37.0000,10,19,80,81.630896,6817.96,Nest-USA,41
USER_0354,22,,1,118,80,64.915,3168.75,Nest-USA,25
USER_0355,4,54.5000,3,24,6,46.78,280.68,Nest-USA,6
USER_0356,2,,1,284,29,14.562857,359.32,Notebooks & Journals,7
USER_0357,5,,1,245,8,46.905714,361.93,Apparel,7
USER_0358,67,42.3333,7,82,348,52.020407,9735.58,Nest-USA,90
USER_0359,23,,1,14,60,67.090606,3227.58,Nest-USA,24
USER_0360,11,199.0000,2,26,48,38.953182,1202.76,Nest,21
USER_0361,4,,1,281,12,114.141429,1264.98,Nest-USA,7
USER_0362,31,1.0000,2,71,85,104.211698,8189.92,Nest-USA,25
USER_0363,2,,1,171,10,13.461111,123.54,Apparel,9
USER_0364,15,68.0000,2,13,150,97.10125,3004.67,Nest-USA,17
USER_0365,9,,1,19,12,66.692727,854.92,Nest-USA,10
USER_0366,1,,1,203,1,16.99,16.99,Apparel,1
USER_0367,2,,1,319,3,82.495,313.99,Nest-USA,2
USER_0368,5,,1,63,120,42.938889,1103.88,Nest-USA,5
USER_0369,35,1.0000,2,324,185,72.800769,6430.07,Nest-USA,31
USER_0370,18,88.6667,4,13,562,30.360545,6915.38,Office,48
USER_0371,8,,1,213,210,12.173571,1192.66,Nest-USA,27
USER_0372,1,,1,269,15,3.19,47.85,Office,1
USER_0373,24,34.5714,8,22,144,71.074545,2905.25,Nest-USA,20
USER_0374,16,1.0000,2,109,72,63.069643,2369.12,Nest-USA,23
USER_0375,18,14.0000,2,119,84,82.506897,3409.24,Nest-USA,19
USER_0376,40,152.0000,2,35,729,80.346901,12112.3,Nest-USA,37
USER_0377,16,,1,12,33,100.102174,3250.28,Nest-USA,12
USER_0378,3,,1,17,7,50.551429,353.86,Nest-USA,7
USER_0379,10,,1,193,81,35.064444,931.05,Nest-USA,17
USER_0380,5,,1,284,27,111.165,1162.8,Nest-USA,4
USER_0381,7,,1,28,25,61.443846,2042.1,Nest-USA,10
USER_0382,1,,1,109,10,3.5,35.0,Lifestyle,1
USER_0383,8,143.0000,2,59,141,60.46,1470.25,Nest-USA,11
USER_0384,6,,1,19,11,74.892,751.47,Nest-USA,8
USER_0385,2,,1,108,122,3.633333,318.61,Lifestyle,12
USER_0386,8,,1,75,22,45.269091,666.76,Nest-USA,10
USER_0387,14,1.0000,2,5,131,87.1304,3110.21,Nest-USA,16
USER_0388,3,,1,171,27,15.878571,320.91,Notebooks & Journals,7
USER_0389,2,22.0000,2,88,157,13.323333,2656.43,Apparel,3
USER_0390,10,6.0000,2,20,14,102.366154,1411.28,Nest-USA,11
USER_0391,9,23.0000,2,326,17,62.986667,888.86,Nest-USA,10
USER_0392,2,,1,224,3,47.606667,142.82,Nest-USA,3
USER_0393,1,,1,172,1,7.2,7.2,Apparel,1
USER_0394,4,,1,337,5,92.894,464.47,Nest-USA,3
USER_0395,7,,1,236,30,46.463125,1007.81,Nest-USA,15
USER_0396,16,94.0000,4,6,371,41.504286,3918.72,Nest-USA,31
USER_0397,18,166.0000,2,89,251,28.970227,2649.99,Nest-USA,38
USER_0398,30,147.0000,2,112,180,55.831154,4164.11,Nest-USA,38
USER_0399,18,84.5000,3,110,561,45.9122,10308.2,Apparel,42
USER_0400,4,163.0000,2,105,11,10.823333,103.39,Apparel,8
USER_0401,3,,1,127,25,14.074444,382.87,Drinkware,17
USER_0402,20,71.5000,3,90,45,73.527813,3075.62,Nest-USA,22
USER_0403,6,,1,357,63,58.184444,961.3,Nest-USA,8
USER_0404,4,,1,30,12,42.017143,696.72,Nest-USA,7
USER_0405,16,,1,188,53,29.711795,1481.28,Nest-USA,36
USER_0406,17,1.0000,2,266,322,63.253704,4227.05,Nest-USA,21
USER_0407,21,59.7500,5,98,160,39.17902,3219.42,Nest-USA,45
USER_0408,19,26.7500,5,171,239,53.136875,4179.47,Nest-USA,25
USER_0409,16,,1,249,71,29.991538,1327.21,Apparel,25
USER_0410,38,45.0000,3,40,333,77.856866,7589.99,Nest-USA,40
USER_0411,45,1.0000,2,15,72,95.749636,7393.91,Nest-USA,23
USER_0412,4,203.0000,2,159,8,20.948,115.21,Bags,5
USER_0413,4,98.0000,3,153,97,6.646,255.83,Office,15
USER_0414,57,1.0000,2,64,271,67.562,11129.12,Nest-USA,57
USER_0415,24,77.3333,4,41,77,60.236829,3730.12,Nest-USA,31
USER_0416,23,6.0000,2,215,132,46.97625,3129.0,Nest-USA,33
USER_0417,25,70.0000,5,65,346,44.226,3856.99,Nest-USA,35
USER_0418,33,49.6667,4,95,232,72.985227,5324.78,Nest-USA,30
USER_0419,10,,1,82,254,32.12875,2090.97,Nest-USA,21
USER_0420,3,,1,357,140,12.176923,1224.2,Apparel,13
USER_0421,24,,1,305,262,34.782609,5404.32,Nest-USA,57
USER_0422,19,,1,251,30,80.622759,2417.06,Nest-USA,20
USER_0423,44,157.0000,2,175,664,35.559368,6739.39,Nest-USA,66
USER_0424,73,56.8000,6,14,691,38.996433,11871.23,Nest-USA,113
USER_0425,51,,1,90,358,69.930645,9298.72,Nest-USA,56
USER_0426,1,,1,103,1,13.2,13.2,Apparel,1
USER_0427,26,86.6667,4,89,194,36.352459,2756.5,Nest-USA,55
USER_0428,34,60.0000,2,119,383,64.885254,6343.43,Nest-USA,38
USER_0429,1,,1,112,4,35.66,123.97,Apparel,3
USER_0430,9,68.0000,2,178,48,44.32,1039.34,Nest-USA,14
USER_0431,7,50.6667,4,27,43,68.237143,596.9,Nest-USA,6
USER_0432,5,,1,127,15,65.381818,1119.2,Gift Cards,9
USER_0433,1,,1,177,1,15.19,15.19,Apparel,1
USER_0434,13,,1,20,27,78.504,2072.58,Nest-USA,15
USER_0435,41,,1,76,180,83.31597,10611.41,Nest,32
USER_0436,11,31.0000,2,14,46,71.318824,2057.96,Nest-USA,15
USER_0437,36,33.5714,8,114,199,40.111,5033.02,Nest-USA,52
USER_0438,21,,1,351,40,105.410909,3578.54,Nest-USA,11
USER_0439,31,141.0000,2,46,579,56.581143,10268.67,Nest-USA,50
USER_0440,6,,1,212,13,51.926667,702.12,Nest-USA,10
USER_0441,43,64.6000,6,14,112,69.326628,8394.93,Nest-USA,51
USER_0442,22,,1,242,134,33.470588,2338.16,Nest-USA,42
USER_0443,13,,1,312,89,58.924615,2488.44,Nest-USA,21
USER_0444,7,,1,129,175,24.406667,1124.54,Notebooks & Journals,17
USER_0445,7,17.5000,3,88,64,40.888095,1676.47,Nest-USA,20
USER_0446,8,86.5000,3,114,15,28.907143,418.29,Nest-USA,14
USER_0447,41,36.3333,10,16,1669,47.248636,20984.65,Notebooks & Journals,64
USER_0448,1,,1,130,12,8.266667,98.4,Apparel,3
USER_0449,8,,1,19,57,80.114167,1316.57,Nest-USA,11
USER_0450,26,117.0000,3,67,357,52.540426,4695.25,Nest-USA,35
USER_0451,20,,1,5,52,87.127,4260.51,Nest-USA,16
USER_0452,3,,1,207,6,77.495,321.96,Nest-USA,3
USER_0453,9,,1,259,61,49.219286,1480.57,Nest-USA,13
USER_0454,1,,1,224,2,149.0,298.0,Nest-USA,1
USER_0455,8,,1,135,332,52.5475,2260.72,Bags,14
USER_0456,17,164.0000,2,167,53,51.015405,3259.15,Nest-USA,29
USER_0457,2,,1,335,5,12.906,64.53,Apparel,5
USER_0458,30,62.0000,5,41,244,33.640577,2953.35,Nest-USA,47
USER_0459,11,62.0000,5,23,48,34.820909,842.41,Apparel,21
USER_0460,9,,1,193,12,77.213636,928.35,Nest-USA,10
USER_0461,10,,1,166,266,34.218333,1744.61,Office,15
USER_0462,22,1.0000,2,83,113,64.7475,3749.59,Nest-USA,30
USER_0463,12,49.0000,3,42,37,50.730435,1745.92,Nest-USA,21
USER_0464,12,41.0000,2,21,44,97.546,2107.21,Nest-USA,12
USER_0465,3,,1,335,23,59.143333,255.83,Nest-USA,3
USER_0466,6,,1,357,22,54.97,727.15,Nest-USA,8
USER_0467,5,,1,111,29,73.43375,1007.26,Nest-USA,7
USER_0468,3,,1,50,139,9.718889,475.43,Office,9
USER_0469,5,,1,109,10,84.5925,944.74,Nest-USA,7
USER_0470,14,102.0000,3,62,131,51.40275,3463.85,Nest-USA,34
USER_0471,1,,1,66,16,14.28125,203.5,Apparel,8
USER_0472,15,,1,249,77,47.890938,2952.45,Nest-USA,26
USER_0473,18,,1,74,116,67.460769,3891.18,Nest-USA,27
USER_0474,10,,1,158,78,23.278065,1120.43,Apparel,28
USER_0475,1,,1,336,2,8.505,17.01,Apparel,2
USER_0476,11,,1,132,174,28.328276,1423.74,Nest-USA,26
USER_0477,8,,1,286,53,64.463077,1090.42,Nest-USA,11
USER_0478,12,184.0000,2,50,395,21.3168,3127.02,Notebooks & Journals,24
USER_0479,3,,1,109,7,88.4,581.2,Nest-USA,3
USER_0480,5,,1,303,40,27.712667,911.77,Nest-USA,14
USER_0481,2,,1,136,6,100.9,213.0,Nest-Canada,2
USER_0482,99,26.7143,8,33,801,31.899917,13576.33,Nest-USA,153
USER_0483,20,27.5000,9,51,129,50.134412,3057.64,Nest-USA,27
USER_0484,36,262.0000,2,100,394,65.947342,7622.34,Nest-USA,61
USER_0485,7,90.5000,3,17,39,28.139545,817.73,Nest,22
USER_0486,9,134.0000,2,20,551,52.607826,3213.7,Drinkware,22
USER_0487,17,23.0000,3,92,44,55.304706,2823.66,Nest-USA,28
USER_0488,16,,1,140,157,36.255862,2182.59,Nest-USA,25
USER_0489,31,1.0000,2,121,158,36.806842,4147.01,Nest-USA,55
USER_0490,17,114.0000,2,80,135,50.004048,2980.63,Nest-USA,38
USER_0491,12,8.0000,2,59,135,40.765,1586.26,Nest-USA,20
USER_0492,13,54.0000,3,193,29,76.695714,1328.59,Nest-USA,9
USER_0493,8,,1,263,100,37.060909,1270.43,Bags,11
USER_0494,8,,1,81,9,175.62375,1553.99,Nest-USA,6
USER_0495,1,,1,195,4,37.115,148.46,Apparel,4
USER_0496,10,81.0000,2,267,250,25.60087,1522.4,Nest-USA,22
USER_0497,1,,1,70,166,3.078333,602.99,Bags,6
USER_0498,21,,1,346,39,93.851429,3485.94,Nest-USA,13
USER_0499,34,193.0000,2,143,116,44.79381,3516.59,Nest-USA,52
USER_0500,24,,1,327,341,59.491765,4251.86,Nest-USA,23
USER_0501,12,172.0000,2,41,39,50.2255,1806.99,Nest-USA,17
USER_0502,23,188.0000,2,117,62,61.261957,3359.93,Nest-USA,33
USER_0503,11,217.0000,2,74,26,94.898571,2355.76,Nest-USA,9
USER_0504,6,,1,1,11,103.33125,1108.99,Nest-USA,5
USER_0505,8,,1,21,14,43.152857,604.14,Nest-USA,13
USER_0506,5,,1,237,107,33.969565,2162.29,Nest-USA,22
USER_0507,4,,1,201,9,20.02125,239.17,Nest-USA,8
USER_0508,45,56.0000,3,105,384,42.364615,10032.72,Nest-USA,85
USER_0509,8,1.0000,2,251,47,35.73381,1485.39,Nest-USA,19
USER_0510,24,86.5000,3,35,69,57.988723,3687.98,Nest-USA,34
USER_0511,8,,1,105,32,32.787083,1050.35,Nest-USA,21
USER_0512,2,,1,265,5,33.2,166.0,Nest-USA,5
USER_0513,5,1.0000,2,1,29,27.277778,506.88,Nest-USA,9
USER_0514,17,,1,80,99,60.235313,2785.76,Nest-USA,25
USER_0515,15,206.0000,2,56,280,91.87871,5238.47,Nest,25
USER_0516,2,167.0000,2,90,3,5.795,20.79,Lifestyle,2
USER_0517,20,14.5000,3,29,251,74.364688,4035.44,Nest-USA,21
USER_0518,16,159.5000,3,18,156,34.361667,1867.09,Nest-USA,40
USER_0519,8,,1,244,43,33.676667,684.73,Nest-USA,17
USER_0520,28,1.0000,2,341,406,61.3698,6049.35,Nest-USA,34
USER_0521,3,,1,87,44,58.265455,805.77,Nest,11
USER_0522,1,,1,21,106,16.665,1516.02,Office,4
USER_0523,2,,1,20,3,136.59,425.06,Nest-USA,2
USER_0524,39,161.0000,2,7,83,98.532034,8165.93,Nest-USA,31
USER_0525,11,332.0000,2,11,23,82.623529,1948.49,Nest-USA,13
USER_0526,9,,1,33,193,78.44,2672.63,Bags,15
USER_0527,28,19.0000,3,146,835,33.920143,5638.43,Nest-USA,58
USER_0528,5,,1,262,50,22.746,351.06,Apparel,10
USER_0529,11,1.0000,2,294,124,57.422857,1397.85,Nest-USA,12
USER_0530,3,1.0000,2,345,60,78.13,532.69,Nest-USA,3
USER_0531,3,325.0000,2,28,29,20.901579,681.47,Nest-USA,19
USER_0532,19,,1,13,154,61.328276,2684.78,Nest-USA,23
USER_0533,6,,1,232,18,27.307143,660.5,Nest-USA,14
USER_0534,4,,1,81,5,204.0,935.0,Nest-USA,3
USER_0535,21,2.5000,3,31,57,73.792667,4781.55,Nest,28
USER_0536,94,28.3333,4,150,511,37.25235,10635.22,Nest-USA,114
USER_0537,30,,1,308,134,76.282,6169.59,Nest-USA,32
USER_0538,10,,1,129,72,19.932692,1196.22,Nest-USA,24
USER_0539,7,,1,223,35,22.289615,882.11,Nest-USA,26
USER_0540,18,113.0000,2,112,32,66.351852,2030.27,Nest-USA,19
USER_0541,84,33.1000,11,33,955,41.80196,15527.65,Nest-USA,132
USER_0542,11,132.0000,2,40,53,55.532609,1853.5,Nest-USA,22
USER_0543,6,,1,172,20,48.223,1275.79,Nest-Canada,10
USER_0544,22,1.5000,3,70,85,122.984483,4912.87,Nest-USA,15
USER_0545,10,,1,13,13,125.651818,1400.09,Nest-USA,8
USER_0546,42,29.0000,2,48,1069,90.204267,12660.0,Nest-USA,40
USER_0547,10,176.0000,2,73,22,115.870909,2655.96,Nest,9
USER_0548,26,,1,231,510,32.213509,4472.32,Nest-USA,48
USER_0549,2,,1,66,3,82.495,313.99,Nest-USA,2
USER_0550,29,,1,24,445,47.18875,6711.04,Nest-USA,38
USER_0551,6,,1,166,30,20.985652,731.03,Nest-USA,23
USER_0552,13,60.0000,4,11,28,65.777273,2001.1,Nest-USA,17
USER_0553,17,,1,230,110,20.070185,1610.43,Nest-USA,50
USER_0554,43,,1,97,109,69.907241,5319.2,Nest,27
USER_0555,36,,1,335,625,40.463684,6717.89,Nest-USA,54
USER_0556,1,,1,336,1,59.83,59.83,Apparel,1
USER_0557,19,,1,242,70,53.661053,2458.22,Nest-USA,30
USER_0558,57,106.0000,2,25,441,48.170424,9894.16,Nest-USA,75
USER_0559,1,,1,333,35,4.523333,187.65,Drinkware,3
USER_0560,25,1.0000,2,355,61,94.769032,4669.8,Nest-USA,15
USER_0561,5,,1,39,7,107.398,764.99,Nest-USA,4
USER_0562,2,,1,1,9,80.52,724.68,Nest-USA,2
USER_0563,289,13.4231,27,1,3127,51.611809,57137.79,Nest-USA,286
USER_0564,1,,1,235,1,5.59,5.59,Waze,1
USER_0565,1,,1,62,1,119.0,119.0,Nest-USA,1
USER_0566,3,111.0000,2,158,40,49.826667,524.63,Nest-USA,6
USER_0567,11,,1,199,1014,40.2425,3239.71,Drinkware,16
USER_0568,12,109.0000,2,227,119,33.793056,1755.02,Nest-USA,32
USER_0569,4,,1,27,7,75.958,622.39,Nest-USA,5
USER_0570,22,17.5000,3,195,53,40.467143,2934.31,Nest-USA,37
USER_0571,10,20.0000,2,173,69,30.576111,1129.89,Nest-USA,18
USER_0572,114,11.1250,9,91,781,53.723379,21193.18,Nest-USA,142
USER_0573,17,,1,162,176,47.606552,2286.59,Nest-USA,21
USER_0574,33,,1,110,251,50.777419,5420.82,Nest-USA,46
USER_0575,21,,1,43,116,73.5408,5706.57,Nest-USA,35
USER_0576,18,,1,47,120,102.839167,4121.23,Nest-USA,14
USER_0577,12,,1,21,403,44.390769,4934.82,Apparel,24
USER_0578,71,30.5000,7,111,1573,40.827679,26501.03,Apparel,117
USER_0579,43,1.0000,2,135,146,35.298455,5825.9,Nest-USA,84
USER_0580,16,,1,148,168,45.505,2264.55,Nest-USA,26
USER_0581,7,,1,286,28,68.461333,1634.83,Nest-USA,11
USER_0582,1,,1,335,1,153.71,153.71,Nest-USA,1
USER_0583,38,43.6667,7,71,577,41.829438,7088.59,Nest-USA,68
USER_0584,24,,1,238,265,51.742955,3058.71,Nest-USA,36
USER_0585,38,66.4000,6,33,124,82.547586,7380.19,Nest-USA,35
USER_0586,18,10.0000,2,79,48,106.540714,5197.14,Nest,21
USER_0587,26,122.5000,3,108,96,83.263714,3504.48,Nest-USA,22
USER_0588,38,,1,53,277,99.545789,7793.33,Nest,28
USER_0589,41,69.6667,4,46,308,46.112088,7718.08,Nest-USA,69
USER_0590,8,78.0000,2,222,67,43.746923,1714.78,Bags,13
USER_0591,17,78.0000,3,41,103,46.287297,2665.54,Nest-USA,31
USER_0592,49,81.0000,3,93,219,63.66,7306.93,Nest-USA,47
USER_0593,7,,1,130,13,36.796154,478.35,Nest,13
USER_0594,41,137.0000,2,192,297,40.912667,6643.03,Nest-USA,75
USER_0595,42,1.0000,2,358,352,71.448873,8067.44,Nest-USA,37
USER_0596,5,,1,167,10,28.596,285.96,Apparel,10
USER_0597,72,38.0000,7,59,617,45.283731,10642.44,Nest-USA,90
USER_0598,19,88.5000,3,18,209,47.330909,3274.77,Nest-USA,23
USER_0599,2,,1,173,21,8.9275,137.41,Apparel,8
USER_0600,9,,1,51,17,127.361818,2084.98,Nest-USA,8
USER_0601,11,60.5000,3,162,29,49.543333,943.34,Nest-USA,18
USER_0602,8,117.0000,2,232,33,41.824211,1265.56,Nest-USA,18
USER_0603,9,83.3333,4,29,136,108.942143,1727.3,Gift Cards,11
USER_0604,19,172.0000,2,131,210,22.153143,1540.64,Apparel,33
USER_0605,18,,1,144,40,71.339259,2704.09,Nest-USA,20
USER_0606,3,,1,145,116,10.334286,858.71,Bags,7
USER_0607,5,45.0000,3,258,10,65.2225,759.78,Nest-USA,7
USER_0608,33,43.0000,3,103,80,67.555254,5174.86,Nest-USA,33
USER_0609,9,1.0000,2,94,139,36.654706,1046.71,Nest,17
USER_0610,9,,1,337,43,54.2075,1409.04,Nest-USA,17
USER_0611,19,,1,33,31,92.278636,2938.12,Nest-USA,15
USER_0612,1,,1,195,2,14.39,28.78,Apparel,2
USER_0613,15,,1,11,72,108.557222,2759.37,Nest-USA,13
USER_0614,20,6.0000,2,90,643,50.059429,8521.2,Apparel,23
USER_0615,3,,1,80,11,22.125,480.74,Nest-USA,5
USER_0616,3,,1,97,12,51.745,242.9,Nest,3
USER_0617,5,,1,142,13,54.517778,773.36,Nest-USA,7
USER_0618,80,49.7500,5,81,646,65.962657,14233.35,Nest-USA,96
USER_0619,5,,1,18,8,141.685,1123.29,Nest-USA,6
USER_0620,73,58.6667,4,146,404,48.415548,10639.37,Nest-USA,86
USER_0621,15,,1,40,56,121.54,3032.65,Nest,12
USER_0622,24,158.0000,3,4,279,46.785091,4559.73,Nest-USA,43
USER_0623,25,1.0000,2,320,42,58.766667,2756.77,Nest-USA,13
USER_0624,1,,1,280,3,119.0,357.0,Nest-USA,2
USER_0625,11,49.0000,3,201,225,49.062222,1964.05,Bags,15
USER_0626,3,,1,152,5,56.294,281.47,Nest-USA,5
USER_0627,19,45.0000,4,203,47,92.496552,4511.28,Nest-USA,20
USER_0628,11,,1,202,24,85.431053,2238.19,Nest-USA,14
USER_0629,2,,1,5,2,81.54,163.08,Nest-USA,2
USER_0630,31,75.5000,5,59,219,50.629808,4849.31,Nest-USA,40
USER_0631,12,262.0000,2,26,30,55.954091,1411.99,Nest-USA,22
USER_0632,1,,1,336,3,10.443333,31.33,Apparel,3
USER_0633,1,,1,269,1,15.19,15.19,Headgear,1
USER_0634,8,154.0000,2,147,38,26.549375,742.32,Nest-USA,16
USER_0635,8,,1,221,35,20.1824,811.35,Nest-USA,25
USER_0636,6,,1,200,16,49.177692,916.31,Nest-USA,13
USER_0637,7,,1,148,19,45.816,495.76,Nest-USA,9
USER_0638,1,,1,93,30,2.996667,74.8,Office,3
USER_0639,19,1.0000,2,262,66,62.973438,3304.69,Nest-USA,24
USER_0640,9,72.0000,4,111,52,69.665833,1584.05,Nest-USA,9
USER_0641,25,31.5000,5,222,100,58.29375,4543.18,Nest-USA,29
USER_0642,20,32.5000,3,222,261,43.635833,4867.66,Nest-USA,39
USER_0643,276,13.7600,26,11,2232,56.828929,48980.38,Nest-USA,209
USER_0644,7,,1,206,30,22.538824,616.04,Apparel,16
USER_0645,7,,1,99,20,111.395333,2265.93,Nest,12
USER_0646,3,,1,263,53,13.977059,722.17,Apparel,17
USER_0647,1,,1,172,2,18.99,37.98,Apparel,1
USER_0648,7,31.0000,2,247,15,40.912,565.58,Nest-USA,10
USER_0649,18,69.0000,2,153,71,50.122439,3264.21,Nest-USA,33
USER_0650,4,,1,53,113,96.776,1394.39,Drinkware,5
USER_0651,10,,1,115,36,49.369375,833.71,Nest-USA,14
USER_0652,29,21.6667,4,62,119,49.551081,4383.61,Nest-USA,55
USER_0653,32,1.0000,2,191,63,65.8682,4557.29,Nest-USA,35
USER_0654,1,,1,263,26,14.39,297.34,Drinkware,2
USER_0655,23,60.5000,3,165,157,31.872857,3150.55,Nest-USA,43
USER_0656,70,50.2000,6,19,812,42.922055,10749.9,Nest-USA,99
USER_0657,30,1.0000,2,357,184,60.916667,5217.74,Nest-USA,35
USER_0658,1,,1,287,26,35.392,287.44,Apparel,5
USER_0659,19,5.5000,3,277,538,20.975614,3540.88,Nest-USA,48
USER_0660,41,103.0000,3,105,338,41.13181,6550.66,Nest-USA,76
USER_0661,19,5.0000,2,280,656,25.627708,4556.17,Headgear,44
USER_0662,7,,1,297,57,22.399286,817.16,Drinkware,14
USER_0663,18,1.0000,2,271,191,30.666,1769.6,Nest-USA,23
USER_0664,14,,1,122,193,31.365,3080.57,Nest-USA,49
USER_0665,35,14.0000,2,160,314,45.346341,5753.96,Nest-USA,56
USER_0666,23,1.0000,2,323,69,63.394571,2354.47,Nest-USA,22
USER_0667,148,39.2857,8,27,1665,42.323714,26671.3,Nest-USA,164
USER_0668,52,32.6667,4,138,594,36.709403,8567.31,Nest-USA,92
USER_0669,21,70.5000,3,20,114,52.704898,3954.19,Nest-USA,38
USER_0670,5,,1,300,65,17.729565,825.76,Drinkware,22
USER_0671,19,,1,76,67,58.189333,3087.13,Nest-USA,22
USER_0672,17,,1,46,67,105.537727,2920.6,Nest-USA,15
USER_0673,33,1.0000,2,29,96,61.95459,5965.93,Nest-USA,35
USER_0674,16,59.0000,2,87,44,50.306333,2477.19,Nest-USA,25
USER_0675,80,30.4444,10,66,782,51.908059,15151.13,Nest-USA,108
USER_0676,7,,1,204,11,33.331818,366.65,Nest-USA,11
USER_0677,1,,1,347,103,1.99,204.97,Lifestyle,1
USER_0678,30,44.4000,6,77,165,47.397321,4424.63,Nest-USA,42
USER_0679,17,223.0000,2,42,39,108.251111,4404.34,Nest,17
USER_0680,4,,1,281,10,51.58125,533.65,Nest-USA,8
USER_0681,15,1.0000,2,6,32,95.351739,2550.08,Nest,17
USER_0682,17,87.0000,3,162,114,58.343333,3158.55,Nest-USA,25
USER_0683,6,48.2000,6,124,15,72.195,1043.72,Nest-USA,5
USER_0684,4,55.0000,2,153,7,38.114,224.55,Nest-USA,5
USER_0685,12,53.1667,7,23,80,33.6125,1181.01,Nest-USA,20
USER_0686,9,,1,73,719,68.395556,1796.47,Nest-USA,5
USER_0687,9,,1,346,777,70.875,2592.66,Nest-USA,10
USER_0688,4,,1,151,9,33.78875,274.3,Nest-USA,8
USER_0689,10,,1,33,782,55.453158,3158.65,Office,17
USER_0690,24,10.0000,2,187,124,46.37875,2870.33,Nest-USA,47
USER_0691,51,91.0000,3,44,113,67.078875,7841.41,Nest-USA,39
USER_0692,3,,1,188,5,72.075,407.3,Nest-USA,4
USER_0693,5,,1,167,24,22.45125,377.54,Apparel,16
USER_0694,12,,1,355,74,45.038889,2144.61,Nest-USA,23
USER_0695,14,1.0000,2,85,51,49.344634,2514.39,Nest,34
USER_0696,3,28.0000,2,101,9,12.934286,100.14,Apparel,7
USER_0697,1,,1,93,154,5.81,493.56,Lifestyle,11
USER_0698,26,83.5000,3,77,104,56.825778,3625.54,Nest-USA,32
USER_0699,6,,1,283,6,89.03,534.18,Nest-USA,6
USER_0700,2,38.0000,2,222,2,29.59,59.18,Apparel,2
USER_0701,7,34.3333,4,33,81,89.456,1420.53,Nest,9
USER_0702,9,,1,257,176,31.369333,898.15,Nest-USA,14
USER_0703,55,43.5000,7,30,2020,46.571667,23605.3,Headgear,78
USER_0704,3,61.0000,2,132,4,13.4425,53.77,Apparel,4
USER_0705,1,,1,6,3,47.223333,141.67,Nest-USA,3
USER_0706,6,,1,25,39,5.2235,150.16,Apparel,16
USER_0707,7,,1,188,11,31.103333,329.93,Apparel,9
USER_0708,1,,1,173,3,17.216667,51.65,Apparel,3
USER_0709,8,,1,256,117,24.593043,1060.7,Apparel,22
USER_0710,9,52.0000,2,71,28,19.5776,577.08,Nest-USA,24
USER_0711,2,,1,59,4,62.295,249.18,Nest-USA,2
USER_0712,15,1.0000,2,73,253,58.385714,2503.56,Nest-USA,22
USER_0713,5,47.0000,2,271,11,27.680909,304.49,Apparel,8
USER_0714,5,,1,76,7,139.0,923.0,Nest-USA,5
USER_0715,9,15.6667,4,195,29,17.14875,308.27,Nest-USA,16
USER_0716,7,,1,20,10,70.8625,840.08,Nest-USA,8
USER_0717,5,,1,59,17,66.67375,1068.37,Nest,15
USER_0718,34,67.4000,6,13,557,41.221364,6403.84,Nest-USA,71
USER_0719,11,307.0000,2,28,25,79.873529,2195.78,Nest-USA,14
USER_0720,6,,1,202,24,14.843333,216.4,Apparel,12
USER_0721,9,,1,346,22,70.111176,1614.23,Nest-USA,14
USER_0722,9,,1,96,19,83.018,1871.18,Nest-USA,7
USER_0723,4,,1,162,7,87.133333,641.8,Nest-USA,5
USER_0724,8,,1,19,25,42.84,799.52,Nest-USA,18
USER_0725,16,100.0000,2,159,264,41.39075,3618.31,Nest-USA,35
USER_0726,7,78.0000,2,179,74,27.044762,1605.31,Nest-USA,21
USER_0727,27,50.0000,2,88,248,39.569091,3531.24,Nest-USA,44
USER_0728,10,,1,259,122,38.81,2252.43,Apparel,24
USER_0729,7,42.5000,3,119,23,26.144211,513.54,Nest-USA,19
USER_0730,13,57.2000,6,79,93,14.154857,904.04,Apparel,33
USER_0731,30,1.0000,2,113,211,48.648852,6875.67,Nest-USA,47
USER_0732,17,55.6667,4,103,182,18.913846,1871.46,Nest-USA,39
USER_0733,1,,1,337,56,34.05,335.45,Bags,3
USER_0734,17,,1,300,187,40.081471,3088.19,Nest-USA,29
USER_0735,3,,1,301,5,50.394,251.97,Nest-USA,4
USER_0736,291,15.2609,24,13,4211,50.48339,75937.55,Nest-USA,237
USER_0737,5,1.0000,2,178,27,24.297647,522.5,Apparel,16
USER_0738,1,,1,114,1,44.0,44.0,Apparel,1
USER_0739,10,,1,140,40,46.474828,1705.27,Nest-USA,26
USER_0740,1,,1,257,22,2.923333,65.38,Bags,3
USER_0741,17,50.0000,2,270,231,48.536286,2590.08,Nest-USA,24
USER_0742,32,,1,70,70,103.489268,5241.87,Nest-USA,19
USER_0743,7,,1,137,29,16.946471,722.12,Nest-USA,16
USER_0744,2,,1,269,5,14.318,71.59,Apparel,5
USER_0745,3,,1,356,5,112.406,562.03,Nest-USA,4
USER_0746,24,3.0000,2,321,2160,49.80283,20858.43,Bags,37
USER_0747,4,,1,287,20,49.46,977.46,Nest-USA,12
USER_0748,58,23.6667,4,222,701,49.134783,9328.55,Nest-USA,77
USER_0749,69,47.2000,6,29,283,57.983279,10528.4,Nest-USA,79
USER_0750,5,,1,234,7,66.451429,465.16,Nest-USA,7
USER_0751,2,,1,344,25,47.305,1062.17,Apparel,16
USER_0752,9,,1,42,16,131.0975,2079.17,Nest-USA,9
USER_0753,6,,1,195,45,61.91875,1274.03,Nest-USA,7
USER_0754,2,,1,137,8,8.39375,67.15,Apparel,8
USER_0755,16,88.3333,4,63,229,58.7425,2425.33,Nest-USA,20
USER_0756,62,20.8000,6,95,477,44.512464,10083.78,Nest-USA,92
USER_0757,1,,1,257,7,44.79,313.53,Apparel,1
USER_0758,13,126.0000,2,210,167,52.206818,1714.61,Nest-USA,19
USER_0759,10,10.0000,3,194,35,48.429,1617.73,Nest-USA,16
USER_0760,15,,1,199,48,65.451667,2787.88,Nest-USA,18
USER_0761,6,,1,108,11,82.925714,1136.48,Nest-USA,6
USER_0762,38,1.0000,2,37,61,119.326667,7344.68,Nest-USA,15
USER_0763,2,,1,19,38,31.840625,582.67,Apparel,16
USER_0764,4,2.0000,2,93,6,57.413333,344.48,Nest-USA,6
USER_0765,33,9.5000,3,292,440,39.233218,6202.37,Nest-USA,70
USER_0766,24,,1,85,68,46.601961,3162.69,Nest-USA,38
USER_0767,5,,1,127,44,30.224444,641.04,Headgear,9
USER_0768,21,,1,35,54,130.956429,5141.87,Nest-USA,14
USER_0769,11,,1,236,113,34.1156,1609.15,Nest-USA,23
USER_0770,12,,1,204,30,42.190385,1419.44,Nest-USA,22
USER_0771,33,1.0000,2,174,274,57.029828,6221.18,Nest-USA,41
USER_0772,68,1.0000,2,160,839,43.374841,12865.57,Nest-USA,98
USER_0773,11,79.0000,4,88,88,28.831905,1431.86,Nest-USA,20
USER_0774,1,,1,223,1,2.99,2.99,Office,1
USER_0775,5,,1,202,63,9.22,198.01,Apparel,8
USER_0776,12,210.0000,2,147,330,28.392558,2413.72,Nest-USA,36
USER_0777,9,46.0000,2,35,14,122.979091,1628.37,Nest-USA,9
USER_0778,85,34.5000,7,79,511,50.47184,11345.37,Nest-USA,100
USER_0779,22,15.0000,2,291,395,43.37775,4171.98,Nest-USA,34
USER_0780,39,,1,243,397,38.226714,3683.47,Nest-USA,45
USER_0781,1,,1,126,1,19.19,19.19,Apparel,1
USER_0782,4,,1,209,12,17.056667,132.68,Apparel,6
USER_0783,18,77.2500,5,54,386,42.382826,4418.95,Nest-USA,39
USER_0784,52,12.5000,3,221,526,32.284602,6465.19,Nest-USA,75
USER_0785,28,65.0000,2,70,152,38.593284,3907.95,Nest-USA,49
USER_0786,36,,1,357,417,78.035263,7840.24,Nest-USA,34
USER_0787,17,132.0000,2,44,41,60.044444,2855.7,Nest-USA,21
USER_0788,42,60.3333,4,96,330,56.484737,8177.7,Nest,50
USER_0789,29,1.0000,2,194,92,73.0708,5998.46,Nest-USA,35
USER_0790,30,69.5000,3,118,63,72.552195,3952.28,Nest-USA,29
USER_0791,15,,1,344,35,60.783462,2046.63,Nest-USA,17
USER_0792,12,,1,325,92,65.917097,3353.07,Nest-USA,22
USER_0793,48,65.0000,4,43,357,70.213667,7672.31,Nest-USA,56
USER_0794,33,4.5000,3,40,260,92.55129,9138.48,Nest-USA,32
USER_0795,49,38.0000,3,231,240,40.019583,5653.17,Nest-USA,70
USER_0796,1,,1,171,1,79.0,79.0,Nest-USA,1
USER_0797,6,,1,201,26,53.238636,1449.84,Nest-USA,19
USER_0798,1,,1,135,50,5.427143,199.45,Apparel,7
USER_0799,57,32.1667,7,122,835,46.889653,17853.21,Apparel,98
USER_0800,64,70.0000,3,199,491,37.816981,9984.91,Nest-USA,110
USER_0801,18,1.0000,2,39,35,106.221538,3706.75,Nest-USA,15
USER_0802,17,48.0000,3,174,139,33.458571,2637.8,Nest-USA,44
USER_0803,2,,1,171,35,44.866667,606.6,Nest-USA,3
USER_0804,6,,1,21,57,70.564167,1375.9,Nest,12
USER_0805,18,101.0000,3,54,242,37.503953,3151.54,Nest-USA,38
USER_0806,88,75.0000,5,48,1653,56.219936,16461.63,Nest-USA,101
USER_0807,12,51.6000,6,31,20,65.847647,1370.28,Nest-USA,13
USER_0808,9,,1,356,21,119.326667,2278.9,Nest-USA,5
USER_0809,4,,1,101,14,47.385,516.8,Nest,9
USER_0810,6,,1,151,17,45.894615,887.01,Nest-USA,13
USER_0811,1,,1,146,3,31.996667,95.99,Apparel,3
USER_0812,20,79.0000,2,124,403,18.5964,4154.47,Notebooks & Journals,46
USER_0813,13,,1,196,53,27.411613,1165.89,Nest-USA,26
USER_0814,7,,1,124,30,37.7295,895.27,Nest-USA,19
USER_0815,14,,1,280,23,87.816842,2144.52,Nest-USA,13
USER_0816,47,40.6000,6,137,754,34.618957,9632.14,Nest-USA,72
USER_0817,7,,1,206,38,24.9655,1246.83,Nest-USA,19
USER_0818,13,,1,337,37,87.866471,1722.59,Nest-USA,11
USER_0819,2,138.0000,2,150,2,41.175,82.35,Nest-USA,2
USER_0820,17,111.3333,4,14,160,82.158571,4537.81,Nest-USA,22
USER_0821,6,,1,265,15,49.013,590.08,Nest-USA,10
USER_0822,5,103.0000,2,61,8,203.0,1372.0,Nest,3
USER_0823,1,,1,203,150,2.49,348.5,Lifestyle,2
USER_0824,17,,1,116,182,23.912453,2028.64,Nest,44
USER_0825,14,,1,270,75,36.582333,2264.78,Nest-USA,27
USER_0826,22,100.0000,2,25,430,74.537778,5393.02,Nest,35
USER_0827,2,,1,234,182,46.526667,910.81,Nest-USA,6
USER_0828,12,81.0000,5,26,85,65.054167,2493.46,Nest-USA,17
USER_0829,28,18.5000,5,41,59,62.676458,3490.58,Nest-USA,32
USER_0830,47,96.0000,4,37,551,35.795938,8272.31,Nest-USA,73
USER_0831,5,47.0000,2,222,21,62.025,996.74,Nest-USA,10
USER_0832,22,1.0000,2,318,76,47.082368,2289.37,Nest-USA,28
USER_0833,95,72.0000,3,14,796,57.180571,15960.02,Nest-USA,97
USER_0834,22,,1,250,85,64.390488,3593.17,Nest-USA,28
USER_0835,37,75.0000,2,129,750,37.825859,6835.5,Nest-USA,68
USER_0836,4,,1,341,5,64.572,322.86,Nest-USA,4
USER_0837,15,103.3333,4,34,88,32.486216,2087.66,Nest-USA,33
USER_0838,5,,1,135,8,79.3,633.5,Nest-USA,3
USER_0839,12,10.5000,3,258,41,58.336667,2124.74,Nest-Canada,20
USER_0840,8,,1,349,92,63.343571,1663.62,Nest-USA,11
USER_0841,1,,1,195,4,13.65,54.6,Apparel,4
USER_0842,6,89.5000,3,148,36,44.214167,762.63,Nest-USA,12
USER_0843,6,80.0000,3,65,11,39.72375,562.78,Nest-USA,8
USER_0844,9,,1,189,19,102.748333,1865.98,Nest-USA,8
USER_0845,3,,1,1,10,66.538,735.29,Nest-USA,4
USER_0846,13,,1,196,45,58.1988,2126.44,Nest-USA,20
USER_0847,1,,1,76,1,199.0,199.0,Nest,1
USER_0848,8,,1,143,32,35.671364,957.45,Nest-USA,22
USER_0849,6,,1,254,250,55.462727,1754.9,Office,9
USER_0850,123,51.8333,7,2,889,57.803952,20041.11,Nest-USA,110
USER_0851,12,70.0000,2,187,33,39.654348,1145.36,Nest-USA,20
USER_0852,2,,1,64,2,174.0,348.0,Nest,2
USER_0853,9,1.0000,2,79,137,64.561176,1737.73,Nest-USA,15
USER_0854,6,,1,207,86,22.928125,919.7,Nest-USA,16
USER_0855,9,183.0000,2,157,20,30.038824,635.8,Nest-USA,17
USER_0856,22,77.2500,5,35,38,75.131724,3077.58,Nest-USA,20
USER_0857,3,1.0000,2,99,54,29.763333,1003.38,Apparel,17
USER_0858,1,,1,337,6,4.63,24.68,Office,2
USER_0859,5,,1,128,26,40.002667,651.19,Nest-USA,14
USER_0860,5,159.5000,3,22,19,67.223333,480.21,Nest-USA,5
USER_0861,5,,1,165,9,19.154286,137.08,Nest-USA,7
USER_0862,7,,1,153,373,34.523846,3820.01,Notebooks & Journals,12
USER_0863,14,104.0000,3,24,38,72.7128,2564.78,Nest-USA,20
USER_0864,32,45.0000,3,170,96,56.144074,4231.45,Nest-USA,37
USER_0865,18,,1,284,107,42.5975,3291.96,Nest-USA,36
USER_0866,10,,1,301,179,83.108,1959.0,Nest-USA,9
USER_0867,40,,1,363,332,83.559063,8196.41,Nest-USA,32
USER_0868,8,19.0000,2,28,11,113.07,1290.81,Nest-USA,7
USER_0869,78,50.0000,6,59,307,57.159275,11924.49,Nest-USA,77
USER_0870,46,2.0000,2,312,1060,55.492736,12702.21,Nest-USA,58
USER_0871,19,72.6667,4,28,87,89.925625,4237.22,Nest-USA,21
USER_0872,11,1.0000,2,294,109,69.1,1715.68,Nest-USA,12
USER_0873,1,,1,13,1,22.41,22.41,Apparel,1
USER_0874,37,,1,307,583,77.008939,9348.3,Nest-USA,33
USER_0875,25,1.0000,2,309,119,71.885263,3464.3,Nest-USA,23
USER_0876,38,17.0000,2,285,73,57.043281,4591.77,Nest-USA,45
USER_0877,4,,1,303,9,78.8725,366.46,Nest-USA,3
USER_0878,28,,1,54,302,85.700238,5875.31,Nest-USA,26
USER_0879,27,49.3333,4,125,76,49.006458,3626.51,Nest-USA,36
USER_0880,24,,1,301,401,61.15102,4197.7,Nest-USA,33
USER_0881,6,12.0000,2,344,17,42.915,649.31,Nest-USA,11
USER_0882,14,,1,345,26,75.610476,2108.8,Nest-USA,15
USER_0883,4,,1,97,8,189.0,1342.0,Nest,4
USER_0884,7,35.3333,4,25,58,40.229444,1067.09,Nest-USA,18
USER_0885,1,,1,22,2,3.67,7.34,Apparel,2
USER_0886,2,,1,260,111,11.73,510.69,Office,2
USER_0887,12,,1,209,210,34.483103,1941.84,Nest-USA,25
USER_0888,11,174.0000,2,132,45,48.600741,2337.51,Nest-USA,23
USER_0889,15,,1,347,169,53.521,2468.64,Nest-USA,16
USER_0890,9,,1,285,191,63.85625,2101.02,Nest-USA,14
USER_0891,15,,1,73,80,59.243714,2722.48,Nest-USA,25
USER_0892,3,,1,22,4,99.4875,397.95,Nest-USA,3
USER_0893,3,112.0000,2,166,29,34.272,305.52,Notebooks & Journals,5
USER_0894,2,,1,24,5,28.795,118.23,Nest,4
USER_0895,38,47.0000,4,220,447,41.583333,5839.57,Nest-USA,63
USER_0896,5,131.0000,2,163,18,32.304118,668.17,Nest-USA,17
USER_0897,3,,1,303,14,21.656667,242.86,Apparel,9
USER_0898,9,1.0000,2,267,44,24.851563,830.76,Nest-USA,29
USER_0899,48,,1,237,516,31.114576,8313.0,Nest-USA,92
USER_0900,9,,1,208,120,38.2465,1603.46,Nest-USA,19
USER_0901,14,,1,239,331,61.567917,3633.12,Nest-USA,17
USER_0902,33,121.5000,3,23,79,64.5078,6053.48,Nest-USA,36
USER_0903,8,44.7500,5,152,15,36.935,452.19,Nest-USA,12
USER_0904,33,3.0000,3,270,482,51.677857,6401.0,Nest-USA,44
USER_0905,9,103.0000,3,42,37,32.4,946.83,Nest,24
USER_0906,31,44.7500,9,6,142,66.244808,5099.61,Nest-USA,35
USER_0907,21,,1,16,45,81.33,3590.87,Nest-USA,20
USER_0908,50,72.0000,4,109,493,36.439504,7502.42,Nest-USA,108
USER_0909,2,,1,136,82,4.28,208.99,Bags,9
USER_0910,7,,1,202,109,21.77,933.21,Notebooks & Journals,15
USER_0911,5,104.5000,3,135,14,80.98,531.48,Nest-USA,5
USER_0912,8,,1,65,24,49.997647,1030.74,Nest-USA,16
USER_0913,5,,1,353,13,83.5075,1405.67,Nest-USA,7
USER_0914,21,170.0000,2,117,181,31.270612,2556.52,Nest-USA,41
USER_0915,5,,1,249,7,86.752857,607.27,Nest-USA,5
USER_0916,39,1.0000,2,261,110,68.182162,7328.62,Nest-USA,43
USER_0917,14,,1,278,216,44.834545,2926.45,Nest-USA,20
USER_0918,8,,1,222,64,25.634118,501.56,Nest-USA,14
USER_0919,12,,1,87,140,53.552857,2073.42,Nest,23
USER_0920,5,,1,285,8,100.1475,801.18,Nest-USA,4
USER_0921,1,,1,153,2,9.845,19.69,Apparel,2
USER_0922,5,,1,364,13,63.4075,842.39,Nest-USA,11
USER_0923,3,1.0000,2,8,5,134.89,759.39,Nest,3
USER_0924,69,1.0000,2,23,252,89.450261,12657.84,Nest-USA,52
USER_0925,5,27.0000,2,138,15,48.875,933.75,Nest-USA,10
USER_0926,8,141.0000,2,137,24,29.598421,635.12,Nest-USA,19
USER_0927,8,12.0000,2,48,23,41.81,889.95,Nest,16
USER_0928,11,,1,281,21,96.888462,1688.01,Nest-USA,7
USER_0929,7,19.0000,2,47,20,40.782308,1211.95,Nest-USA,13
USER_0930,12,16.5000,3,174,76,69.408947,2422.28,Nest-USA,15
USER_0931,1,,1,291,1,2.8,2.8,Lifestyle,1
USER_0932,6,,1,328,28,116.424286,1045.76,Nest-USA,6
USER_0933,12,64.0000,3,178,71,48.744643,3094.39,Nest-USA,25
USER_0934,17,25.6667,4,136,63,38.574211,2354.84,Nest-USA,35
USER_0935,14,182.0000,2,153,98,48.806923,1979.83,Nest-USA,21
USER_0936,7,,1,180,11,97.998,1128.98,Nest-USA,7
USER_0937,13,,1,20,20,86.196667,1906.26,Nest,16
USER_0938,64,46.8333,7,22,341,59.636371,11501.39,Nest-USA,85
USER_0939,4,,1,256,5,21.03,105.15,Apparel,5
USER_0940,3,245.0000,2,77,70,21.61625,497.31,Headgear,8
USER_0941,2,,1,341,50,28.084,732.28,Nest-USA,20
USER_0942,15,23.8750,9,29,53,24.564167,1360.42,Nest-USA,33
USER_0943,7,,1,224,27,43.023889,814.03,Nest-USA,17
USER_0944,11,204.0000,2,136,22,100.386667,1593.39,Nest-USA,7
USER_0945,11,,1,118,117,32.4868,1396.66,Nest-USA,21
USER_0946,20,68.6000,6,17,65,61.361905,3888.67,Nest-USA,28
USER_0947,17,1.0000,2,362,40,98.026786,3799.28,Nest-USA,12
USER_0948,4,,1,286,199,29.764167,1134.02,Nest-USA,12
USER_0949,71,1.0000,2,67,336,62.796642,11173.14,Nest-USA,63
USER_0950,6,49.6667,4,124,24,28.7875,682.99,Nest-USA,12
USER_0951,7,14.0000,2,119,10,79.941111,838.47,Nest-USA,6
USER_0952,30,78.5000,3,166,324,43.336338,5861.48,Nest-USA,51
USER_0953,28,1.0000,2,346,90,59.504127,5300.43,Nest-USA,46
USER_0954,8,,1,364,20,81.88,1965.43,Nest-USA,10
USER_0955,12,1.0000,2,266,29,49.489048,1598.87,Nest-USA,18
USER_0956,24,90.0000,2,168,104,47.538333,4295.25,Nest-USA,47
USER_0957,2,,1,222,7,115.666667,663.0,Nest-USA,3
USER_0958,10,,1,252,143,28.018684,2440.73,Nest-USA,36
USER_0959,23,,1,173,303,47.203333,4202.3,Nest-USA,39
USER_0960,4,,1,195,21,29.924375,616.51,Apparel,16
USER_0961,32,,1,353,469,51.656567,6182.0,Nest-USA,46
USER_0962,2,,1,141,3,46.295,171.59,Nest-USA,2
USER_0963,8,,1,168,17,54.176364,775.27,Nest-USA,10
USER_0964,7,,1,283,16,41.52875,664.46,Apparel,16
USER_0965,14,,1,139,114,33.669429,2244.27,Drinkware,32
USER_0966,7,130.0000,2,153,19,24.286667,391.87,Apparel,15
USER_0967,4,,1,127,16,13.412143,223.75,Apparel,13
USER_0968,17,33.0000,2,163,27,76.824286,2317.31,Nest-USA,13
USER_0969,2,,1,96,58,3.72,184.8,Office,4
USER_0970,14,53.0000,3,40,70,35.592558,1879.22,Nest-USA,39
USER_0971,54,135.5000,3,45,195,68.676337,9196.49,Nest-USA,58
USER_0972,1,,1,16,6,202.845,605.49,Nest,2
USER_0973,13,117.0000,2,141,29,37.0128,944.48,Nest-USA,25
USER_0974,2,,1,137,10,31.16375,261.87,Apparel,8
USER_0975,9,51.3333,7,12,21,63.184615,843.8,Nest-USA,11
USER_0976,4,13.0000,2,119,5,12.414,62.07,Apparel,4
USER_0977,6,74.0000,2,206,14,65.165714,484.09,Nest-USA,6
USER_0978,14,,1,240,40,30.622432,1293.83,Nest-USA,34
USER_0979,9,,1,20,18,100.994,1766.29,Nest-USA,7
USER_0980,9,1.0000,2,272,42,20.502381,788.36,Nest-USA,21
USER_0981,2,,1,91,4,6.9925,27.97,Drinkware,4
USER_0982,13,24.0000,4,240,202,34.286364,1314.52,Nest-USA,19
USER_0983,39,29.0000,2,97,215,84.472333,6562.08,Nest,40
USER_0984,10,,1,118,23,51.157857,728.72,Nest-USA,13
USER_0985,27,1.0000,2,311,163,43.807368,5175.15,Nest-USA,39
USER_0986,3,,1,32,36,23.712,765.38,Nest-Canada,9
USER_0987,1,,1,17,4,11.296667,38.22,Apparel,3
USER_0988,10,,1,32,23,48.2085,1203.76,Nest-USA,18
USER_0989,30,1.0000,2,59,118,96.737083,5066.26,Nest,32
USER_0990,10,,1,312,77,30.105714,862.27,Nest-USA,21
USER_0991,7,,1,26,28,53.704118,946.56,Nest,16
USER_0992,27,35.1250,9,25,503,46.619259,4336.18,Nest-USA,43
USER_0993,1,,1,157,1,10.63,10.63,Apparel,1
USER_0994,29,1.0000,2,223,58,73.013696,4986.63,Nest-USA,27
USER_0995,13,101.0000,2,225,138,39.083,1626.83,Nest-USA,24
USER_0996,42,351.0000,2,4,264,98.770645,8437.39,Nest-USA,31
USER_0997,5,,1,222,72,31.574,461.7,Nest-USA,10
USER_0998,20,,1,201,130,40.9845,2411.36,Nest-USA,34
USER_0999,4,,1,152,57,23.415,371.42,Nest-USA,8
USER_1000,30,124.5000,3,82,129,57.102542,4577.4,Nest-USA,45
USER_1001,1,,1,124,7,4.581667,29.48,Lifestyle,6
USER_1002,31,,1,57,74,99.73561,5839.56,Nest-USA,24
USER_1003,10,73.0000,2,66,332,26.202963,2915.33,Nest-USA,22
USER_1004,13,11.0000,5,214,43,54.873636,1821.65,Nest-USA,20
USER_1005,1,,1,128,1,9.6,9.6,Apparel,1
USER_1006,26,44.5000,3,126,322,39.409057,4309.42,Nest-USA,44
USER_1007,10,1.0000,2,342,22,95.433846,2068.01,Nest-USA,7
USER_1008,16,,1,25,139,54.718065,2465.93,Nest-USA,24
USER_1009,1,,1,258,6,13.99,71.94,Apparel,5
USER_1010,32,1.0000,2,260,184,64.725167,7195.6,Nest-USA,34
USER_1011,18,1.0000,2,44,47,68.848846,1935.02,Nest,23
USER_1012,27,68.7500,5,3,43,84.670256,3572.82,Nest-USA,27
USER_1013,9,146.0000,2,70,83,47.002857,1246.76,Nest-USA,12
USER_1014,1,,1,164,1,10.5,10.5,Apparel,1
USER_1015,14,158.0000,2,195,123,57.425667,3412.16,Nest-USA,24
USER_1016,11,9.0000,2,337,18,82.294167,1602.37,Nest-USA,8
USER_1017,15,,1,144,68,25.362727,1574.66,Nest-USA,31
USER_1018,22,1.0000,2,293,155,38.586078,3387.79,Nest-USA,46
USER_1019,8,,1,152,20,50.621818,613.75,Nest-USA,8
USER_1020,4,,1,359,7,64.326,449.34,Nest-USA,5
USER_1021,5,56.0000,2,215,265,35.642222,5843.09,Apparel,18
USER_1022,1,,1,131,29,55.49,496.71,Apparel,2
USER_1023,9,,1,216,25,49.80125,1432.59,Nest-USA,15
USER_1024,28,65.6667,4,81,108,44.552656,3517.33,Nest-USA,49
USER_1025,10,,1,196,158,67.06381,2320.93,Nest-USA,15
USER_1026,2,,1,245,11,6.426667,63.64,Office,3
USER_1027,14,,1,153,36,64.883077,2099.09,Nest-USA,17
USER_1028,11,97.5000,3,28,30,77.691111,1903.18,Nest-USA,15
USER_1029,1,,1,257,5,44.79,223.95,Apparel,1
USER_1030,5,,1,361,708,29.816429,1890.33,Office,12
USER_1031,1,,1,118,1,1.59,1.59,Office,1
USER_1032,3,,1,266,16,5.323333,55.84,Office,6
USER_1033,1,,1,164,289,12.603333,952.78,Drinkware,9
USER_1034,8,8.0000,3,187,37,49.971111,879.08,Nest-USA,8
USER_1035,14,,1,27,88,142.045556,3069.57,Nest,9
USER_1036,24,1.0000,2,90,59,89.998571,4979.54,Nest-USA,23
USER_1037,6,,1,336,10,102.90125,1058.42,Nest-USA,5
USER_1038,3,91.0000,3,121,50,14.8625,278.89,Bags,12
USER_1039,5,,1,291,27,41.304444,652.82,Nest-USA,8
USER_1040,13,,1,132,419,27.063333,2218.55,Nest-USA,32
USER_1041,6,63.6667,4,59,19,8.781818,114.52,Apparel,11
USER_1042,7,,1,293,11,86.74625,970.97,Nest-USA,8
USER_1043,1,,1,79,6,3.8975,17.99,Apparel,4
USER_1044,5,,1,236,69,67.104444,957.36,Nest-USA,8
USER_1045,25,31.0000,4,109,277,42.424808,3475.8,Nest-USA,44
USER_1046,8,,1,157,50,19.451379,723.89,Nest-USA,28
USER_1047,1,,1,271,5,15.723333,77.55,Apparel,3
USER_1048,33,59.6667,4,15,134,67.485614,5613.14,Nest-USA,37
USER_1049,51,1.0000,2,181,123,64.911264,7985.74,Nest-USA,54
USER_1050,24,106.5000,3,53,83,59.276538,4047.48,Nest-USA,37
USER_1051,9,50.0000,3,132,28,43.0185,1365.95,Nest-USA,19
USER_1052,28,59.0000,4,24,313,35.490833,3082.83,Nest-USA,40
USER_1053,28,79.0000,2,215,330,35.193733,4220.83,Nest-USA,61
USER_1054,1,,1,188,1,12.99,12.99,Drinkware,1
USER_1055,49,50.0000,3,178,566,37.487547,7977.66,Nest-USA,79
USER_1056,47,,1,61,233,79.376989,10834.28,Nest-USA,48
USER_1057,1,,1,22,1,48.92,48.92,Apparel,1
USER_1058,8,247.0000,2,19,52,54.884444,1084.58,Nest,18
USER_1059,28,1.0000,2,313,68,63.904222,4459.02,Nest-USA,28
USER_1060,34,45.6667,4,164,236,54.4455,5588.96,Nest-USA,40
USER_1061,22,36.5000,3,222,49,43.219048,2260.16,Nest-USA,35
USER_1062,67,80.0000,5,6,851,41.353985,11185.9,Nest-USA,90
USER_1063,8,,1,230,97,13.0865,539.36,Office,18
USER_1064,21,,1,246,245,35.243043,3456.0,Nest-USA,39
USER_1065,9,,1,77,23,76.332143,1919.65,Nest-USA,12
USER_1066,26,1.0000,2,144,139,41.721702,2992.72,Nest-USA,35
USER_1067,13,,1,200,184,21.860667,2175.7,Bags,29
USER_1068,28,24.0000,2,2,90,66.432931,5324.03,Nest-USA,42
USER_1069,27,41.5000,3,118,74,45.710426,3074.24,Nest-USA,39
USER_1070,9,131.0000,2,13,56,32.317895,1695.69,Nest-USA,18
USER_1071,4,,1,345,16,63.444444,964.58,Nest-USA,7
USER_1072,2,,1,336,2,68.395,136.79,Nest-USA,2
USER_1073,7,,1,45,22,67.91375,1687.11,Nest-USA,16
USER_1074,6,,1,73,10,81.868571,876.07,Nest-USA,6
USER_1075,26,,1,52,100,73.2738,6433.58,Nest-USA,31
USER_1076,45,150.5000,3,38,127,93.075821,8597.52,Nest-USA,34
USER_1077,57,142.0000,2,19,377,64.288571,10926.69,Nest-USA,61
USER_1078,19,158.0000,2,125,42,59.825667,2843.75,Nest-USA,23
USER_1079,36,43.0000,7,22,456,44.434,5490.54,Nest-USA,63
USER_1080,14,84.0000,2,257,23,83.948947,2003.57,Nest-USA,12
USER_1081,61,38.8333,7,56,1376,45.68521,9923.52,Nest-USA,80
USER_1082,17,,1,133,78,45.768302,3151.44,Nest-USA,41
USER_1083,32,1.0000,2,258,284,46.454697,4596.3,Nest-USA,50
USER_1084,31,,1,215,207,41.085091,3671.78,Nest-USA,34
USER_1085,1,,1,223,1,31.35,31.35,Apparel,1
USER_1086,7,,1,220,52,80.658,1865.73,Nest-USA,9
USER_1087,36,50.8333,7,16,318,46.580109,7502.61,Nest-USA,65
USER_1088,16,79.0000,3,36,24,119.109,2828.18,Nest-USA,12
USER_1089,13,39.5000,3,213,94,40.529474,1617.97,Nest-USA,17
USER_1090,8,,1,144,67,29.022778,1287.86,Apparel,17
USER_1091,1,,1,350,12,18.56,227.87,Apparel,5
USER_1092,10,71.7500,5,35,53,44.211154,1525.44,Nest-USA,25
USER_1093,8,1.0000,2,116,99,41.572105,1716.15,Nest-USA,17
USER_1094,13,,1,140,28,51.634737,1491.73,Nest-USA,17
USER_1095,2,34.0000,2,269,14,33.340769,552.43,Nest-USA,13
USER_1096,1,,1,291,20,1.59,31.8,Drinkware,2
USER_1097,5,56.0000,2,224,297,44.623,1165.85,Lifestyle,9
USER_1098,43,68.0000,2,176,200,30.617857,2919.35,Apparel,44
USER_1099,17,32.0000,2,137,113,53.938929,2884.51,Nest-USA,23
USER_1100,1,,1,58,2,119.0,238.0,Nest-USA,1
USER_1101,11,,1,334,22,103.112353,2263.9,Nest-USA,14
USER_1102,23,,1,186,190,63.452333,3917.61,Nest-USA,21
USER_1103,20,,1,152,979,28.146875,4358.68,Bags,44
USER_1104,37,1.0000,2,333,372,72.518116,7011.16,Nest-USA,40
USER_1105,1,,1,95,4,10.39,41.56,Drinkware,1
USER_1106,31,1.0000,2,277,98,58.979111,3705.44,Nest-USA,31
USER_1107,19,,1,40,34,107.847333,3701.42,Nest-USA,20
USER_1108,11,42.0000,2,258,127,46.964545,2736.16,Nest-USA,27
USER_1109,9,,1,216,21,47.16875,785.05,Nest-USA,14
USER_1110,44,183.0000,2,102,234,55.880263,6240.42,Nest-USA,49
USER_1111,5,,1,334,28,54.194,1051.4,Nest-USA,9
USER_1112,19,,1,256,469,52.315294,3413.72,Nest-USA,26
USER_1113,5,,1,93,30,43.505385,1042.57,Nest-USA,13
USER_1114,23,,1,343,110,45.7688,3030.19,Nest-USA,38
USER_1115,10,1.0000,2,58,108,39.544194,2531.16,Nest-USA,21
USER_1116,34,82.0000,2,215,969,54.080615,6842.06,Nest-USA,47
USER_1117,59,50.7500,5,40,1052,50.82232,14536.81,Nest-USA,75
USER_1118,6,,1,331,17,24.449286,501.27,Nest-USA,14
USER_1119,1,,1,231,9,8.095,26.69,Apparel,2
USER_1120,5,263.0000,2,90,94,83.393636,1456.03,Nest,10
USER_1121,54,78.6667,4,86,388,49.146822,10893.07,Nest-USA,90
USER_1122,9,1.0000,2,11,21,112.557857,2093.58,Nest-USA,10
USER_1123,10,,1,67,25,42.691429,1412.52,Nest,19
USER_1124,7,,1,193,32,35.627895,1007.93,Nest-USA,18
USER_1125,4,,1,108,57,49.978,613.85,Drinkware,4
USER_1126,4,,1,54,8,93.198,822.99,Nest-USA,5
USER_1127,2,,1,283,4,50.583333,153.0,Nest-USA,3
USER_1128,5,,1,212,42,16.460833,389.84,Nest-USA,12
USER_1129,12,69.3333,4,148,20,57.909375,1261.72,Nest-USA,14
USER_1130,10,236.0000,2,82,42,42.20087,1093.49,Apparel,16
USER_1131,17,91.0000,3,20,543,61.389091,3897.39,Nest-USA,24
USER_1132,2,,1,18,4,21.4,43.62,Apparel,2
USER_1133,1,,1,336,1,17.53,17.53,Apparel,1
USER_1134,4,15.0000,3,172,35,36.503333,316.17,Nest-Canada,6
USER_1135,5,95.0000,2,13,22,40.705,673.54,Nest-USA,8
USER_1136,18,126.0000,2,76,153,30.223438,1556.63,Nest-Canada,24
USER_1137,8,15.0000,2,173,185,57.648462,1220.69,Nest-USA,11
USER_1138,42,33.7500,5,214,253,66.7788,6860.5,Nest-USA,50
USER_1139,5,,1,109,7,83.295,648.77,Nest-USA,5
USER_1140,46,84.5000,3,127,170,53.776556,7769.96,Nest-USA,60
USER_1141,5,1.0000,2,352,10,126.892,1114.17,Nest-USA,5
USER_1142,3,,1,315,3,46.26,138.78,Nest-USA,3
USER_1143,18,,1,61,55,66.769767,3428.23,Nest-USA,30
USER_1144,4,,1,208,8,50.01625,400.13,Apparel,8
USER_1145,8,1.0000,2,25,27,66.756111,1640.08,Nest-USA,15
USER_1146,4,,1,222,22,33.665,617.93,Apparel,18
USER_1147,1,,1,203,3,15.656667,46.97,Apparel,3
USER_1148,7,41.0000,2,88,23,57.96375,1178.13,Nest-USA,13
USER_1149,69,1.0000,2,317,153,49.949316,8664.0,Nest-USA,65
USER_1150,34,70.0000,5,40,266,53.919718,5638.45,Nest-USA,58
USER_1151,9,,1,116,349,43.61,3340.4,Apparel,22
USER_1152,38,65.0000,5,33,104,61.81029,6320.86,Nest-USA,52
USER_1153,14,90.0000,3,171,51,52.281,2242.58,Nest-USA,24
USER_1154,8,,1,17,19,64.224706,1252.86,Nest-USA,12
USER_1155,6,,1,62,22,16.515556,324.87,Apparel,18
USER_1156,5,,1,253,11,79.824286,1064.77,Nest-USA,6
USER_1157,11,1.0000,2,66,58,13.392083,374.63,Apparel,21
USER_1158,39,30.0000,3,179,552,33.276163,5169.92,Nest-USA,65
USER_1159,2,,1,177,2,46.295,92.59,Nest-USA,2
USER_1160,20,109.0000,3,70,111,27.962075,2727.92,Nest-USA,43
USER_1161,8,23.0000,2,66,97,38.861333,1698.13,Drinkware,15
USER_1162,5,15.0000,2,132,18,33.417647,648.09,Nest-USA,17
USER_1163,29,52.6667,4,100,158,62.322222,5761.46,Nest-USA,48
USER_1164,27,,1,2,64,111.829737,5001.66,Nest-USA,18
USER_1165,11,,1,146,119,46.396207,2606.91,Nest-USA,25
USER_1166,7,,1,63,135,87.508,1766.84,Office,9
USER_1167,28,1.0000,2,241,328,43.70746,6308.68,Nest-USA,50
USER_1168,6,,1,145,157,28.702857,913.56,Office,14
USER_1169,6,,1,335,14,99.655556,1409.0,Nest-USA,7
USER_1170,6,,1,200,210,22.75375,1762.76,Apparel,15
USER_1171,8,,1,28,49,43.973333,858.22,Nest-USA,15
USER_1172,16,1.0000,2,217,26,76.7012,2036.53,Nest-USA,19
USER_1173,8,,1,229,164,26.949,1806.74,Apparel,20
USER_1174,32,1.0000,2,46,202,57.952,5982.82,Nest-USA,30
USER_1175,2,,1,359,3,86.65,327.01,Nest-USA,2
USER_1176,27,49.0000,5,42,192,67.318108,3283.74,Nest-USA,27
USER_1177,19,,1,203,359,40.163158,3678.67,Nest-USA,33
USER_1178,36,1.0000,2,291,401,47.867083,7138.1,Nest-USA,54
USER_1179,13,1.0000,2,221,141,29.365,1366.42,Nest-USA,25
USER_1180,44,34.5000,3,259,966,63.894156,9041.38,Nest-USA,44
USER_1181,3,,1,179,3,115.666667,347.0,Nest-USA,3
USER_1182,25,71.0000,3,173,385,27.673333,4559.27,Nest-USA,64
USER_1183,20,55.2500,5,51,134,50.388302,3592.12,Nest-USA,39
USER_1184,15,191.0000,2,13,46,52.554815,1797.67,Nest-USA,22
USER_1185,59,49.0000,4,143,231,41.277059,7237.5,Nest-USA,86
USER_1186,38,105.5000,3,34,190,87.663623,7493.31,Nest-USA,40
USER_1187,27,274.0000,2,18,905,63.324286,7563.25,Nest-USA,32
USER_1188,13,,1,10,175,61.612381,2268.64,Nest-USA,17
USER_1189,3,,1,302,14,23.482,247.58,Nest-USA,10
USER_1190,25,78.2500,5,26,68,67.305,3906.47,Nest-USA,27
USER_1191,39,63.3333,4,20,101,71.7335,6145.36,Nest-USA,39
USER_1192,36,44.3333,4,97,461,44.981882,6446.55,Nest-USA,66
USER_1193,7,,1,343,14,134.113,1832.21,Nest-USA,4
USER_1194,15,171.0000,2,70,254,38.63697,2370.66,Nest-USA,26
USER_1195,51,119.5000,3,89,280,69.749651,9242.55,Nest-USA,51
USER_1196,14,137.0000,2,35,26,109.054375,2683.25,Nest,12
USER_1197,36,59.2500,5,88,107,63.761875,5805.63,Nest-USA,47
USER_1198,22,,1,243,277,27.772308,1849.01,Apparel,29
USER_1199,7,,1,31,20,67.195833,934.22,Nest-USA,10
USER_1200,32,1.0000,2,296,152,45.661839,5208.55,Nest-USA,57
USER_1201,1,,1,271,3,2.79,9.57,Office,2
USER_1202,29,,1,90,231,38.693077,4044.53,Nest-USA,36
USER_1203,49,1.0000,2,149,322,28.033511,6161.88,Nest-USA,91
USER_1204,9,59.0000,2,286,126,42.801364,1810.09,Nest-USA,19
USER_1205,5,85.0000,2,112,53,75.38,1286.34,Nest-USA,11
USER_1206,1,,1,8,1,121.3,121.3,Nest-USA,1
USER_1207,15,223.0000,2,5,50,79.5364,2222.37,Nest-USA,20
USER_1208,21,,1,230,86,32.351698,2551.54,Nest-USA,40
USER_1209,5,57.0000,3,59,9,17.173333,154.56,Nest-USA,9
USER_1210,1,,1,257,1,19.19,19.19,Apparel,1
USER_1211,19,,1,55,31,134.04125,3829.99,Nest-USA,12
USER_1212,15,7.0000,2,28,71,97.438462,3310.2,Nest,18
USER_1213,51,26.1429,8,6,358,66.606471,7908.99,Nest-USA,53
USER_1214,11,,1,289,116,44.834545,1443.94,Nest-USA,20
USER_1215,7,142.0000,2,132,632,38.922941,1600.54,Office,17
USER_1216,9,,1,41,31,98.345,2504.42,Nest-USA,13
USER_1217,7,,1,12,15,100.546,1632.35,Nest-USA,7
USER_1218,139,1.0000,2,17,1448,72.852692,35574.46,Nest-USA,69
USER_1219,56,50.5000,3,130,422,35.100656,6577.44,Nest-USA,79
USER_1220,1,,1,258,8,2.8,22.4,Lifestyle,4
USER_1221,61,31.6667,4,174,502,38.992117,9917.45,Nest-USA,91
USER_1222,65,1.0000,2,273,768,33.243043,10778.87,Nest-USA,104
USER_1223,8,,1,180,117,36.289412,1015.81,Nest-USA,16
USER_1224,21,72.5000,3,210,185,46.657872,3093.93,Nest-USA,37
USER_1225,14,,1,27,21,93.927368,1901.83,Nest,14
USER_1226,26,1.0000,2,182,59,79.934048,4716.12,Nest-USA,25
USER_1227,6,,1,16,14,56.1925,927.1,Nest-USA,11
USER_1228,16,36.0000,2,93,68,19.82,1789.28,Nest-USA,50
USER_1229,29,,1,136,770,37.679494,4207.37,Nest-USA,62
USER_1230,22,46.0000,3,66,73,46.943095,2677.87,Nest-USA,34
USER_1231,4,,1,227,15,70.2575,1295.06,Nest-USA,8
USER_1232,39,60.3333,4,59,259,52.009579,8320.27,Nest-USA,69
USER_1233,9,,1,34,46,81.135294,2102.23,Nest,14
USER_1234,25,198.0000,2,29,109,78.036977,4137.15,Nest-USA,30
USER_1235,5,,1,23,18,34.495385,461.87,Nest-USA,11
USER_1236,28,43.5000,5,186,133,48.712,3927.41,Nest-USA,35
USER_1237,14,111.3333,4,10,28,93.281053,2740.3,Nest-USA,13
USER_1238,14,22.8333,7,29,138,101.872353,2522.31,Nest-USA,15
USER_1239,34,189.0000,2,4,98,78.364839,7374.16,Nest-USA,41
USER_1240,2,,1,335,3,7.49,22.47,Apparel,3
USER_1241,17,,1,172,305,29.383243,6413.77,Apparel,34
USER_1242,13,95.0000,3,121,214,32.67963,1941.49,Nest-USA,23
USER_1243,33,42.7500,5,45,101,76.43,4399.71,Nest-USA,32
USER_1244,47,51.0000,4,126,573,29.223276,6636.1,Nest-USA,86
USER_1245,2,,1,263,16,10.23,161.44,Office,2
USER_1246,14,145.0000,2,193,79,59.357143,1956.61,Nest-USA,17
USER_1247,7,,1,96,45,63.8925,1025.39,Nest,11
USER_1248,18,180.0000,2,103,54,40.608649,2082.58,Nest-USA,32
USER_1249,5,,1,364,8,55.758571,544.02,Nest-USA,6
USER_1250,20,41.5000,5,137,89,30.777,2181.82,Apparel,45
USER_1251,3,,1,261,10,123.0,1290.0,Nest-USA,4
USER_1252,26,,1,37,164,100.92,6629.53,Nest-USA,22
USER_1253,1,,1,257,7,31.35,219.45,Apparel,1
USER_1254,3,,1,19,9,125.582,827.71,Nest,4
USER_1255,38,1.0000,2,210,886,56.421507,6762.36,Nest-USA,47
USER_1256,23,75.5000,3,137,267,22.076757,2537.56,Nest-USA,64
USER_1257,7,,1,211,13,83.585556,1042.56,Nest-USA,7
USER_1258,7,,1,257,71,25.893529,807.62,Nest-USA,17
USER_1259,5,155.0000,2,12,10,80.12,802.0,Nest-USA,7
USER_1260,6,142.0000,3,67,12,33.61125,472.97,Nest-USA,8
USER_1261,57,,1,36,186,88.568617,10314.9,Nest-USA,40
USER_1262,6,,1,288,14,49.087273,896.96,Nest-USA,8
USER_1263,7,178.0000,2,108,21,18.399231,262.71,Nest-Canada,12
USER_1264,4,,1,203,11,25.301,258.0,Nest-USA,10
USER_1265,14,,1,92,42,54.372593,2162.99,Nest-USA,24
USER_1266,33,1.0000,2,12,57,105.199556,5717.79,Nest-USA,25
USER_1267,106,34.1000,11,22,847,54.207277,17777.3,Nest-USA,120
USER_1268,14,,1,67,106,35.613226,2649.03,Nest-USA,27
USER_1269,8,1.0000,2,10,12,80.964545,1011.91,Nest-USA,10
USER_1270,9,66.0000,2,224,106,47.403158,1544.75,Nest-USA,19
USER_1271,1,,1,229,97,4.911667,241.68,Drinkware,6
USER_1272,4,,1,209,14,23.035556,350.28,Nest-USA,9
USER_1273,6,40.0000,2,223,19,48.478571,511.04,Nest-USA,7
USER_1274,29,1.0000,2,254,249,44.333846,5284.69,Nest-USA,54
USER_1275,2,,1,50,39,23.30875,323.75,Drinkware,8
USER_1276,2,,1,341,2,80.565,161.13,Nest-USA,2
USER_1277,4,,1,363,10,58.148571,564.03,Nest-USA,7
USER_1278,17,,1,206,457,23.748837,2483.56,Nest-USA,39
USER_1279,2,,1,335,162,18.713846,1100.31,Drinkware,12
USER_1280,23,,1,145,186,35.697143,3507.91,Nest-USA,42
USER_1281,2,,1,20,4,51.7225,206.89,Nest,4
USER_1282,6,,1,340,107,20.101111,1244.36,Apparel,27
USER_1283,14,1.0000,2,133,40,40.792069,1757.41,Nest-USA,25
USER_1284,2,,1,357,23,10.0975,152.4,Drinkware,4
USER_1285,25,38.0000,5,104,312,75.281591,6054.25,Nest-USA,28
USER_1286,26,163.0000,2,32,91,68.483636,4630.33,Nest-USA,27
USER_1287,39,72.6667,4,123,105,63.656923,5076.68,Nest-USA,42
USER_1288,17,,1,161,709,35.092143,3145.5,Nest-USA,25
USER_1289,42,74.6667,4,59,133,43.327475,5723.61,Nest-USA,72
USER_1290,11,,1,172,35,21.460769,755.18,Nest-USA,25
USER_1291,28,,1,299,338,41.255333,4398.73,Nest-USA,45
USER_1292,56,,1,98,409,91.030097,11731.93,Nest,53
USER_1293,19,1.0000,2,30,35,117.67,3905.86,Nest-USA,17
USER_1294,33,,1,116,442,28.7469,6573.85,Nest-USA,67
USER_1295,104,48.3333,4,84,458,62.942021,16896.51,Nest-USA,101
USER_1296,1,,1,288,1,119.0,119.0,Nest-USA,1
USER_1297,22,,1,235,175,31.101509,2353.19,Nest-USA,47
USER_1298,46,,1,31,285,57.040909,5797.21,Nest-USA,41
USER_1299,12,144.0000,2,33,25,88.170667,2412.56,Nest-USA,9
USER_1300,9,75.0000,2,137,16,74.629167,1211.55,Nest-USA,11
USER_1301,1,,1,203,1,15.99,15.99,Apparel,1
USER_1302,24,,1,157,465,24.718243,3755.6,Nest-USA,57
USER_1303,4,,1,354,9,56.87875,577.8,Nest-USA,7
USER_1304,1,,1,88,1,13.59,13.59,Apparel,1
USER_1305,5,,1,258,91,46.993333,911.74,Nest-USA,9
USER_1306,5,71.0000,2,195,16,17.204545,233.2,Apparel,11
USER_1307,6,143.0000,2,194,239,23.308824,1501.54,Bags,17
USER_1308,1,,1,258,36,12.742941,324.24,Office,17
USER_1309,19,,1,14,55,92.280732,4878.26,Nest,27
USER_1310,38,1.0000,2,82,71,152.783636,7793.31,Nest-USA,18
USER_1311,5,,1,303,14,24.354545,400.88,Nest-USA,11
USER_1312,26,64.2500,5,28,267,52.972623,5087.36,Nest-USA,49
USER_1313,3,,1,271,52,28.176667,982.04,Apparel,15
USER_1314,28,58.2500,5,70,132,52.625,3120.59,Nest-USA,40
USER_1315,6,,1,294,182,30.128889,1067.61,Nest-USA,15
USER_1316,22,112.0000,4,5,143,40.290732,3337.82,Nest-USA,35
USER_1317,38,80.0000,4,112,564,46.087237,6768.68,Nest-USA,51
USER_1318,6,108.0000,2,194,40,16.059474,488.93,Nest-USA,19
USER_1319,15,,1,207,44,86.1056,2803.5,Nest-USA,16
USER_1320,4,100.0000,2,153,9,96.37,969.96,Nest-Canada,8
USER_1321,2,,1,257,3,12.39,37.17,Drinkware,3
USER_1322,3,,1,259,57,62.696,552.65,Nest-USA,4
USER_1323,18,,1,278,165,48.524286,2284.84,Nest-USA,24
USER_1324,1,,1,150,3,7.676667,23.03,Apparel,3
USER_1325,16,,1,103,492,43.453462,3031.16,Nest-USA,24
USER_1326,6,,1,88,12,50.708,517.06,Nest,10
USER_1327,1,,1,287,1,48.99,48.99,Apparel,1
USER_1328,49,43.2000,6,59,146,56.388125,5675.56,Nest-USA,57
USER_1329,6,41.0000,2,70,286,17.43,1172.23,Drinkware,18
USER_1330,11,,1,349,127,60.357778,1845.71,Nest-USA,13
USER_1331,28,224.0000,2,63,163,73.82,6762.68,Nest-USA,39
USER_1332,2,77.0000,2,138,177,9.285,673.38,Bottles,12
USER_1333,8,,1,137,108,45.943077,1086.84,Notebooks & Journals,12
USER_1334,17,26.0000,5,93,93,31.053725,2315.08,Nest-USA,45
USER_1335,1,,1,203,2,79.0,158.0,Nest-USA,1
USER_1336,56,48.0000,7,48,538,40.619512,7777.24,Nest-USA,83
USER_1337,7,,1,353,14,76.727778,870.62,Nest-USA,7
USER_1338,23,,1,87,269,58.664118,3913.73,Nest-USA,25
USER_1339,9,,1,95,29,74.992727,2128.8,Nest,20
USER_1340,10,,1,60,180,28.026429,2099.22,Nest-USA,24
USER_1341,41,117.5000,3,96,113,60.241772,7011.13,Nest-USA,56
USER_1342,15,31.0000,3,190,46,53.640417,1910.54,Nest-USA,19
USER_1343,46,93.3333,4,39,108,87.937821,9722.67,Nest-USA,45
USER_1344,60,50.3333,4,79,458,48.342773,9188.15,Nest-USA,72
USER_1345,7,,1,144,76,9.418333,479.97,Office,12
USER_1346,5,,1,342,39,30.358333,616.57,Nest-USA,12
USER_1347,3,33.0000,2,331,178,14.866,797.12,Lifestyle,15
USER_1348,76,29.7500,5,21,428,70.844463,13236.99,Nest-USA,69
USER_1349,11,1.0000,2,289,42,29.554545,1202.22,Nest-USA,32
USER_1350,2,,1,258,96,16.49,1840.04,Apparel,10
USER_1351,4,91.0000,2,238,16,51.309286,751.11,Apparel,14
USER_1352,1,,1,203,61,13.656667,358.39,Apparel,3
USER_1353,51,1.0000,4,250,403,41.159196,7230.68,Nest-USA,80
USER_1354,16,41.5000,3,256,96,47.066512,3186.93,Nest-USA,36
USER_1355,263,17.7368,20,18,2626,48.280087,46205.77,Nest-USA,267
USER_1356,5,88.0000,3,17,31,7.096923,166.87,Apparel,12
USER_1357,2,,1,140,24,42.28625,1401.98,Nest-USA,8
USER_1358,177,2.7778,10,340,1133,68.96963,34551.4,Nest-USA,119
USER_1359,9,,1,349,45,70.347647,1396.37,Nest-USA,13
USER_1360,4,69.0000,2,195,7,68.996,542.98,Nest-USA,5
USER_1361,28,76.6667,4,83,893,69.818,4540.94,Nest-USA,23
USER_1362,30,,1,298,109,42.593793,3217.76,Nest-USA,45
USER_1363,6,,1,80,12,72.3225,859.18,Nest-USA,7
USER_1364,8,,1,96,13,78.92,1026.12,Nest-USA,8
USER_1365,23,291.0000,2,21,53,69.392083,3988.27,Nest,37
USER_1366,23,58.0000,2,187,213,65.65619,4813.5,Nest-USA,31
USER_1367,6,,1,288,17,36.79625,589.73,Nest-USA,16
USER_1368,1,,1,280,1,19.99,19.99,Apparel,1
USER_1369,4,,1,354,41,64.734444,1065.04,Nest-USA,8
USER_1370,10,,1,252,46,48.478846,1829.01,Nest-USA,23
USER_1371,54,102.0000,4,27,241,58.930323,8848.42,Nest-USA,59
USER_1372,7,126.0000,2,62,67,27.483889,829.28,Apparel,18
USER_1373,9,,1,88,15,81.961667,1089.33,Nest,12
USER_1374,40,68.5000,3,91,431,44.489574,7289.27,Nest-USA,66
USER_1375,56,47.4000,6,32,284,50.118348,10151.41,Nest-USA,78
USER_1376,33,39.5000,3,281,208,53.285479,5442.5,Nest-USA,48
USER_1377,10,186.0000,2,171,42,41.036429,1565.69,Nest-USA,26
USER_1378,32,,1,362,192,63.897586,5279.32,Nest-USA,38
USER_1379,19,46.4000,6,19,153,26.32575,1667.52,Nest-USA,33
USER_1380,12,,1,185,60,24.802903,1036.86,Nest-USA,31
USER_1381,17,1.0000,2,239,47,65.898621,2731.53,Nest-USA,19
USER_1382,64,107.0000,4,41,939,69.515524,11344.22,Nest-USA,56
USER_1383,4,92.5000,3,178,5,41.334,206.67,Nest-USA,5
USER_1384,1,,1,349,1,19.59,19.59,Apparel,1
USER_1385,2,,1,11,2,136.59,273.18,Nest-USA,2
USER_1386,11,4.0000,3,228,27,38.691667,964.79,Nest-USA,15
USER_1387,2,172.0000,2,159,3,17.59,54.37,Apparel,2
USER_1388,19,,1,257,208,48.74075,6606.86,Apparel,34
USER_1389,8,91.0000,3,177,60,67.354,852.55,Nest-USA,8
USER_1390,39,104.5000,3,120,175,45.952976,6661.22,Nest-USA,57
USER_1391,29,52.6667,7,19,398,26.186296,9796.22,Apparel,73
USER_1392,23,,1,343,88,85.592286,4435.52,Nest-USA,18
USER_1393,45,87.3333,4,43,224,40.435217,4679.24,Nest-USA,72
USER_1394,26,,1,334,328,66.477917,4619.96,Nest-USA,29
USER_1395,31,,1,360,1202,39.536235,7527.65,Nest-USA,62
USER_1396,3,,1,227,8,15.435714,112.04,Bags,7
USER_1397,35,86.0000,4,20,1397,37.013596,12532.34,Notebooks & Journals,75
USER_1398,33,,1,342,165,55.558769,5099.72,Nest-USA,41
USER_1399,4,,1,259,20,23.180833,492.54,Nest-USA,12
USER_1400,7,,1,204,26,32.372667,659.69,Nest-USA,14
USER_1401,11,1.0000,2,112,53,89.18,1888.99,Nest-USA,11
USER_1402,8,58.0000,2,173,35,44.193333,1022.53,Nest-USA,11
USER_1403,17,,1,269,295,35.660789,3843.43,Apparel,37
USER_1404,18,1.0000,2,236,386,38.4365,2997.23,Nest-USA,31
USER_1405,5,,1,71,44,32.846667,440.32,Nest-USA,12
USER_1406,13,,1,350,34,53.771071,1614.89,Nest-USA,21
USER_1407,23,203.0000,2,41,111,43.98075,2903.0,Nest-USA,30
USER_1408,1,,1,19,1,19.56,19.56,Drinkware,1
USER_1409,3,,1,143,5,7.19,35.95,Apparel,5
USER_1410,7,145.0000,2,89,43,36.06875,461.41,Nest-USA,7
USER_1411,95,65.6000,6,19,716,58.39092,14193.67,Nest-USA,86
USER_1412,28,,1,276,292,46.781364,4806.4,Nest-USA,48
USER_1413,3,,1,221,8,91.83,818.98,Nest-USA,5
USER_1414,5,,1,206,105,59.522,712.62,Nest-USA,5
USER_1415,50,74.2500,5,27,242,62.118854,8623.28,Nest-USA,65
USER_1416,6,180.0000,2,92,13,91.77,1207.47,Nest-USA,9
USER_1417,3,,1,159,5,16.122,80.61,Apparel,5
USER_1418,17,26.5000,3,195,28,50.539091,1680.45,Nest-USA,16
USER_1419,33,,1,117,220,42.860649,5024.15,Nest-USA,59
USER_1420,4,,1,264,73,24.235,520.81,Nest-USA,13
USER_1421,12,,1,364,15,117.142308,1830.27,Nest-USA,5
USER_1422,19,59.0000,4,46,122,57.266944,2867.8,Nest-USA,27
USER_1423,32,51.5000,5,74,541,49.524444,5204.48,Nest-USA,48
USER_1424,15,236.0000,2,125,94,45.307931,2201.19,Nest-USA,23
USER_1425,12,46.6667,4,125,35,51.20381,1537.65,Nest-USA,17
USER_1426,12,103.0000,2,33,93,18.27619,1208.56,Drinkware,21
USER_1427,11,6.0000,2,169,23,55.64625,1426.12,Nest-USA,14
USER_1428,14,11.0000,3,259,40,69.885,2169.78,Nest-USA,12
USER_1429,19,,1,123,160,26.917692,2987.52,Nest-USA,38
USER_1430,33,43.4000,6,106,114,37.947361,3366.29,Nest-USA,59
USER_1431,1,,1,299,13,7.19,93.47,Drinkware,1
USER_1432,77,16.0000,6,169,374,41.828129,10616.44,Nest-USA,110
USER_1433,120,53.2500,5,107,1230,45.76856,18954.3,Nest-USA,136
USER_1434,12,1.0000,2,286,151,34.696,1692.28,Nest-USA,26
USER_1435,45,1.0000,2,49,165,79.280723,10860.11,Nest-USA,45
USER_1436,10,,1,79,31,59.95,1616.34,Nest-USA,14
USER_1437,1,,1,223,2,15.19,30.38,Drinkware,1
USER_1438,5,142.0000,3,72,17,41.888,558.48,Nest-USA,9
USER_1439,24,,1,34,259,57.463333,4051.31,Nest,30
USER_1440,34,,1,318,151,44.478727,3186.59,Apparel,36
USER_1441,8,,1,80,19,48.625333,752.73,Nest,14
USER_1442,29,63.0000,3,210,123,55.579545,3775.6,Nest-USA,34
USER_1443,9,,1,141,16,79.934,1318.01,Nest-USA,11
USER_1444,13,22.0000,2,173,232,30.104545,2609.43,Nest-USA,31
USER_1445,15,235.0000,2,13,43,73.982571,2904.37,Nest-USA,28
USER_1446,13,39.0000,2,111,63,36.176,1817.14,Nest-USA,25
USER_1447,6,23.0000,2,105,15,40.339,413.74,Nest,10
USER_1448,1,,1,270,3,2.8,8.4,Bags,1
USER_1449,15,129.0000,2,21,54,49.397778,2124.03,Nest-USA,24
USER_1450,17,,1,24,457,103.38,4726.2,Nest-USA,15
USER_1451,21,,1,109,327,29.333023,2803.25,Nest-USA,33
USER_1452,12,83.0000,2,220,97,30.003333,1050.59,Apparel,24
USER_1453,32,26.7500,5,88,149,47.684833,4403.6,Nest-USA,45
USER_1454,2,78.0000,2,257,38,6.136667,90.75,Office,3
USER_1455,11,28.0000,2,131,55,38.303182,969.42,Nest-USA,19
USER_1456,13,113.5000,3,124,40,91.0,2482.02,Nest-USA,10
USER_1457,2,55.0000,2,203,2,67.495,134.99,Nest-USA,2
USER_1458,1,,1,109,50,1.99,99.5,Office,1
USER_1459,27,150.5000,3,35,140,71.592115,5893.31,Nest-USA,38
USER_1460,30,73.5000,3,34,86,86.901091,7692.95,Nest-USA,32
USER_1461,6,,1,19,117,33.095238,2396.54,Apparel,16
USER_1462,2,,1,180,4,12.39,49.56,Apparel,4
USER_1463,3,,1,271,46,12.104286,544.34,Notebooks & Journals,7
USER_1464,19,52.5000,3,88,141,27.87225,2363.05,Nest-USA,35
USER_1465,2,76.0000,2,195,10,11.1675,101.56,Apparel,8
USER_1466,1,,1,70,2,149.0,298.0,Nest-USA,1
USER_1467,53,73.0000,2,83,155,55.470588,6362.77,Nest-USA,69
